date,opening_cash,external_inflows,external_outflows,trading_cash_flow,income,fees,financing_costs,internal_transfers,other_cash_flow,net_cash_movement,closing_cash,balance_confidence,cash_position_type
2019-01-01,10000.00,10000.00,0.00,0.00,0.00,0.00,0.00,0.00,0.00,10000.00,20000.00,verified,verified_account_balance
2019-01-02,20000.00,0.00,0.00,0.00,0.00,0.00,0.00,0.00,0.00,0.00,20000.00,derived,verified_account_balance
2019-01-03,20000.00,0.00,0.00,0.00,0.00,0.00,0.00,0.00,0.00,0.00,20000.00,derived,verified_account_balance
2019-01-04,20000.00,0.00,0.00,0.00,0.00,0.00,0.00,0.00,0.00,0.00,20000.00,derived,verified_account_balance
2019-01-05,20000.00,0.00,0.00,0.00,0.00,0.00,0.00,0.00,0.00,0.00,20000.00,derived,verified_account_balance
2019-01-06,20000.00,0.00,0.00,0.00,0.00,0.00,0.00,0.00,0.00,0.00,20000.00,derived,verified_account_balance
2019-01-07,20000.00,0.00,0.00,0.00,0.00,0.00,0.00,0.00,0.00,0.00,20000.00,derived,verified_account_balance
2019-01-08,20000.00,0.00,0.00,0.00,0.00,0.00,0.00,0.00,0.00,0.00,20000.00,derived,verified_account_balance
2019-01-09,20000.00,0.00,0.00,0.00,0.00,0.00,0.00,0.00,0.00,0.00,20000.00,derived,verified_account_balance
2019-01-10,20000.00,0.00,0.00,0.00,0.00,0.00,0.00,0.00,0.00,0.00,20000.00,derived,verified_account_balance
2019-01-11,20000.00,0.00,0.00,0.00,0.00,0.00,0.00,0.00,0.00,0.00,20000.00,derived,verified_account_balance
2019-01-12,20000.00,0.00,0.00,0.00,0.00,0.00,0.00,0.00,0.00,0.00,20000.00,derived,verified_account_balance
2019-01-13,20000.00,0.00,0.00,0.00,0.00,0.00,0.00,0.00,0.00,0.00,20000.00,derived,verified_account_balance
2019-01-14,20000.00,0.00,0.00,-1000.00,0.00,0.00,0.00,0.00,0.00,-1000.00,19000.00,derived,verified_account_balance
2019-01-15,19000.00,0.00,0.00,0.00,0.00,0.00,0.00,0.00,0.00,0.00,19000.00,derived,verified_account_balance
2019-01-16,19000.00,0.00,0.00,0.00,0.00,0.00,0.00,0.00,0.00,0.00,19000.00,derived,verified_account_balance
2019-01-17,19000.00,0.00,0.00,0.00,0.00,0.00,0.00,0.00,0.00,0.00,19000.00,derived,verified_account_balance
2019-01-18,19000.00,0.00,0.00,0.00,0.00,0.00,0.00,0.00,0.00,0.00,19000.00,derived,verified_account_balance
2019-01-19,19000.00,0.00,0.00,0.00,0.00,0.00,0.00,0.00,0.00,0.00,19000.00,derived,verified_account_balance
2019-01-20,19000.00,0.00,0.00,0.00,0.00,0.00,0.00,0.00,0.00,0.00,19000.00,derived,verified_account_balance
2019-01-21,19000.00,0.00,0.00,0.00,0.00,0.00,0.00,0.00,0.00,0.00,19000.00,derived,verified_account_balance
2019-01-22,19000.00,0.00,0.00,0.00,0.00,0.00,0.00,0.00,0.00,0.00,19000.00,derived,verified_account_balance
2019-01-23,19000.00,0.00,0.00,0.00,0.00,0.00,0.00,0.00,0.00,0.00,19000.00,derived,verified_account_balance
2019-01-24,19000.00,0.00,0.00,0.00,0.00,0.00,0.00,0.00,0.00,0.00,19000.00,derived,verified_account_balance
2019-01-25,19000.00,0.00,0.00,0.00,0.00,0.00,0.00,0.00,0.00,0.00,19000.00,derived,verified_account_balance
2019-01-26,19000.00,0.00,0.00,0.00,0.00,0.00,0.00,0.00,0.00,0.00,19000.00,derived,verified_account_balance
2019-01-27,19000.00,0.00,0.00,0.00,0.00,0.00,0.00,0.00,0.00,0.00,19000.00,derived,verified_account_balance
2019-01-28,19000.00,0.00,0.00,0.00,0.00,0.00,0.00,0.00,0.00,0.00,19000.00,derived,verified_account_balance
2019-01-29,19000.00,0.00,0.00,0.00,0.00,0.00,0.00,0.00,0.00,0.00,19000.00,derived,verified_account_balance
2019-01-30,19000.00,0.00,0.00,0.00,0.00,0.00,0.00,0.00,0.00,0.00,19000.00,derived,verified_account_balance
2019-01-31,19000.00,0.00,0.00,0.00,0.00,0.00,0.00,0.00,0.00,0.00,19000.00,derived,verified_account_balance
2019-02-01,19000.00,0.00,0.00,0.00,0.00,0.00,0.00,0.00,0.00,0.00,19000.00,derived,verified_account_balance
2019-02-02,19000.00,0.00,0.00,0.00,0.00,0.00,0.00,0.00,0.00,0.00,19000.00,derived,verified_account_balance
2019-02-03,19000.00,0.00,0.00,0.00,0.00,0.00,0.00,0.00,0.00,0.00,19000.00,derived,verified_account_balance
2019-02-04,19000.00,0.00,0.00,0.00,0.00,0.00,0.00,0.00,0.00,0.00,19000.00,derived,verified_account_balance
2019-02-05,19000.00,0.00,0.00,-120.00,0.00,0.00,0.00,0.00,0.00,-120.00,18880.00,derived,verified_account_balance
2019-02-06,18880.00,0.00,0.00,0.00,0.00,0.00,0.00,0.00,0.00,0.00,18880.00,derived,verified_account_balance
2019-02-07,18880.00,0.00,0.00,0.00,0.00,0.00,0.00,0.00,0.00,0.00,18880.00,derived,verified_account_balance
2019-02-08,18880.00,0.00,0.00,0.00,0.00,0.00,0.00,0.00,0.00,0.00,18880.00,derived,verified_account_balance
2019-02-09,18880.00,0.00,0.00,0.00,0.00,0.00,0.00,0.00,0.00,0.00,18880.00,derived,verified_account_balance
2019-02-10,18880.00,0.00,0.00,0.00,0.00,0.00,0.00,0.00,0.00,0.00,18880.00,derived,verified_account_balance
2019-02-11,18880.00,0.00,0.00,0.00,0.00,0.00,0.00,0.00,0.00,0.00,18880.00,derived,verified_account_balance
2019-02-12,18880.00,0.00,0.00,0.00,0.00,0.00,0.00,0.00,0.00,0.00,18880.00,derived,verified_account_balance
2019-02-13,18880.00,0.00,0.00,0.00,0.00,0.00,0.00,0.00,0.00,0.00,18880.00,derived,verified_account_balance
2019-02-14,18880.00,0.00,0.00,0.00,0.00,0.00,0.00,0.00,0.00,0.00,18880.00,derived,verified_account_balance
2019-02-15,18880.00,0.00,0.00,0.00,0.00,0.00,0.00,0.00,0.00,0.00,18880.00,derived,verified_account_balance
2019-02-16,18880.00,0.00,0.00,0.00,0.00,0.00,0.00,0.00,0.00,0.00,18880.00,derived,verified_account_balance
2019-02-17,18880.00,0.00,0.00,0.00,0.00,0.00,0.00,0.00,0.00,0.00,18880.00,derived,verified_account_balance
2019-02-18,18880.00,0.00,0.00,0.00,0.00,0.00,0.00,0.00,0.00,0.00,18880.00,derived,verified_account_balance
2019-02-19,18880.00,0.00,0.00,0.00,0.00,0.00,0.00,0.00,0.00,0.00,18880.00,derived,verified_account_balance
2019-02-20,18880.00,0.00,0.00,0.00,0.00,0.00,0.00,0.00,0.00,0.00,18880.00,derived,verified_account_balance
2019-02-21,18880.00,0.00,0.00,0.00,0.00,0.00,0.00,0.00,0.00,0.00,18880.00,derived,verified_account_balance
2019-02-22,18880.00,0.00,0.00,0.00,0.00,0.00,0.00,0.00,0.00,0.00,18880.00,derived,verified_account_balance
2019-02-23,18880.00,0.00,0.00,0.00,0.00,0.00,0.00,0.00,0.00,0.00,18880.00,derived,verified_account_balance
2019-02-24,18880.00,0.00,0.00,0.00,0.00,0.00,0.00,0.00,0.00,0.00,18880.00,derived,verified_account_balance
2019-02-25,18880.00,0.00,0.00,0.00,0.00,0.00,0.00,0.00,0.00,0.00,18880.00,derived,verified_account_balance
2019-02-26,18880.00,0.00,0.00,0.00,0.00,0.00,0.00,0.00,0.00,0.00,18880.00,derived,verified_account_balance
2019-02-27,18880.00,0.00,0.00,0.00,0.00,0.00,0.00,0.00,0.00,0.00,18880.00,derived,verified_account_balance
2019-02-28,18880.00,0.00,0.00,0.00,0.00,0.00,0.00,0.00,0.00,0.00,18880.00,derived,verified_account_balance
2019-03-01,18880.00,0.00,0.00,0.00,0.00,0.00,0.00,0.00,0.00,0.00,18880.00,derived,verified_account_balance
2019-03-02,18880.00,0.00,0.00,0.00,0.00,0.00,0.00,0.00,0.00,0.00,18880.00,derived,verified_account_balance
2019-03-03,18880.00,0.00,0.00,0.00,0.00,0.00,0.00,0.00,0.00,0.00,18880.00,derived,verified_account_balance
2019-03-04,18880.00,0.00,0.00,0.00,0.00,0.00,0.00,0.00,0.00,0.00,18880.00,derived,verified_account_balance
2019-03-05,18880.00,0.00,0.00,0.00,0.00,0.00,0.00,0.00,0.00,0.00,18880.00,derived,verified_account_balance
2019-03-06,18880.00,0.00,0.00,0.00,0.00,0.00,0.00,0.00,0.00,0.00,18880.00,derived,verified_account_balance
2019-03-07,18880.00,0.00,0.00,0.00,0.00,0.00,0.00,0.00,0.00,0.00,18880.00,derived,verified_account_balance
2019-03-08,18880.00,0.00,0.00,0.00,0.00,0.00,0.00,0.00,0.00,0.00,18880.00,derived,verified_account_balance
2019-03-09,18880.00,0.00,0.00,0.00,0.00,0.00,0.00,0.00,0.00,0.00,18880.00,derived,verified_account_balance
2019-03-10,18880.00,0.00,0.00,0.00,0.00,0.00,0.00,0.00,0.00,0.00,18880.00,derived,verified_account_balance
2019-03-11,18880.00,0.00,0.00,0.00,0.00,0.00,0.00,0.00,0.00,0.00,18880.00,derived,verified_account_balance
2019-03-12,18880.00,0.00,0.00,0.00,0.00,0.00,0.00,0.00,0.00,0.00,18880.00,derived,verified_account_balance
2019-03-13,18880.00,0.00,0.00,0.00,0.00,0.00,0.00,0.00,0.00,0.00,18880.00,derived,verified_account_balance
2019-03-14,18880.00,0.00,0.00,0.00,0.00,0.00,0.00,0.00,0.00,0.00,18880.00,derived,verified_account_balance
2019-03-15,18880.00,0.00,0.00,0.00,0.00,0.00,0.00,0.00,0.00,0.00,18880.00,derived,verified_account_balance
2019-03-16,18880.00,0.00,0.00,0.00,0.00,0.00,0.00,0.00,0.00,0.00,18880.00,derived,verified_account_balance
2019-03-17,18880.00,0.00,0.00,0.00,0.00,0.00,0.00,0.00,0.00,0.00,18880.00,derived,verified_account_balance
2019-03-18,18880.00,0.00,0.00,0.00,0.00,0.00,0.00,0.00,0.00,0.00,18880.00,derived,verified_account_balance
2019-03-19,18880.00,0.00,0.00,0.00,0.00,0.00,0.00,0.00,0.00,0.00,18880.00,derived,verified_account_balance
2019-03-20,18880.00,0.00,0.00,0.00,0.00,0.00,0.00,0.00,0.00,0.00,18880.00,derived,verified_account_balance
2019-03-21,18880.00,0.00,0.00,0.00,0.00,0.00,0.00,0.00,0.00,0.00,18880.00,derived,verified_account_balance
2019-03-22,18880.00,0.00,0.00,0.00,0.00,0.00,0.00,0.00,0.00,0.00,18880.00,derived,verified_account_balance
2019-03-23,18880.00,0.00,0.00,0.00,0.00,0.00,0.00,0.00,0.00,0.00,18880.00,derived,verified_account_balance
2019-03-24,18880.00,0.00,0.00,0.00,0.00,0.00,0.00,0.00,0.00,0.00,18880.00,derived,verified_account_balance
2019-03-25,18880.00,0.00,0.00,0.00,0.00,0.00,0.00,0.00,0.00,0.00,18880.00,derived,verified_account_balance
2019-03-26,18880.00,0.00,0.00,0.00,0.00,0.00,0.00,0.00,0.00,0.00,18880.00,derived,verified_account_balance
2019-03-27,18880.00,0.00,0.00,0.00,0.00,0.00,0.00,0.00,0.00,0.00,18880.00,derived,verified_account_balance
2019-03-28,18880.00,0.00,0.00,0.00,0.00,0.00,0.00,0.00,0.00,0.00,18880.00,derived,verified_account_balance
2019-03-29,18880.00,0.00,0.00,0.00,0.00,0.00,0.00,0.00,0.00,0.00,18880.00,derived,verified_account_balance
2019-03-30,18880.00,0.00,0.00,0.00,0.00,0.00,0.00,0.00,0.00,0.00,18880.00,derived,verified_account_balance
2019-03-31,18880.00,0.00,0.00,0.00,0.00,0.00,0.00,0.00,0.00,0.00,18880.00,derived,verified_account_balance
2019-04-01,18880.00,0.00,0.00,0.00,0.00,0.00,0.00,0.00,0.00,0.00,18880.00,derived,verified_account_balance
2019-04-02,18880.00,0.00,0.00,0.00,0.00,0.00,0.00,0.00,0.00,0.00,18880.00,derived,verified_account_balance
2019-04-03,18880.00,0.00,0.00,0.00,0.00,0.00,0.00,0.00,0.00,0.00,18880.00,derived,verified_account_balance
2019-04-04,18880.00,0.00,0.00,0.00,0.00,0.00,0.00,0.00,0.00,0.00,18880.00,derived,verified_account_balance
2019-04-05,18880.00,0.00,0.00,0.00,0.00,0.00,0.00,0.00,0.00,0.00,18880.00,derived,verified_account_balance
2019-04-06,18880.00,0.00,0.00,0.00,0.00,0.00,0.00,0.00,0.00,0.00,18880.00,derived,verified_account_balance
2019-04-07,18880.00,0.00,0.00,0.00,0.00,0.00,0.00,0.00,0.00,0.00,18880.00,derived,verified_account_balance
2019-04-08,18880.00,0.00,0.00,0.00,0.00,0.00,0.00,0.00,0.00,0.00,18880.00,derived,verified_account_balance
2019-04-09,18880.00,0.00,0.00,0.00,0.00,0.00,0.00,0.00,0.00,0.00,18880.00,derived,verified_account_balance
2019-04-10,18880.00,0.00,0.00,0.00,0.00,0.00,0.00,0.00,0.00,0.00,18880.00,derived,verified_account_balance
2019-04-11,18880.00,0.00,0.00,0.00,0.00,0.00,0.00,0.00,0.00,0.00,18880.00,derived,verified_account_balance
2019-04-12,18880.00,0.00,0.00,0.00,0.00,0.00,0.00,0.00,0.00,0.00,18880.00,derived,verified_account_balance
2019-04-13,18880.00,0.00,0.00,0.00,0.00,0.00,0.00,0.00,0.00,0.00,18880.00,derived,verified_account_balance
2019-04-14,18880.00,0.00,0.00,0.00,0.00,0.00,0.00,0.00,0.00,0.00,18880.00,derived,verified_account_balance
2019-04-15,18880.00,0.00,0.00,0.00,0.00,0.00,0.00,0.00,0.00,0.00,18880.00,derived,verified_account_balance
2019-04-16,18880.00,0.00,0.00,0.00,0.00,0.00,0.00,0.00,0.00,0.00,18880.00,derived,verified_account_balance
2019-04-17,18880.00,0.00,0.00,0.00,0.00,0.00,0.00,0.00,0.00,0.00,18880.00,derived,verified_account_balance
2019-04-18,18880.00,0.00,0.00,0.00,0.00,0.00,0.00,0.00,0.00,0.00,18880.00,derived,verified_account_balance
2019-04-19,18880.00,0.00,0.00,0.00,0.00,0.00,0.00,0.00,0.00,0.00,18880.00,derived,verified_account_balance
2019-04-20,18880.00,0.00,0.00,0.00,0.00,0.00,0.00,0.00,0.00,0.00,18880.00,derived,verified_account_balance
2019-04-21,18880.00,0.00,0.00,0.00,0.00,0.00,0.00,0.00,0.00,0.00,18880.00,derived,verified_account_balance
2019-04-22,18880.00,0.00,0.00,0.00,0.00,0.00,0.00,0.00,0.00,0.00,18880.00,derived,verified_account_balance
2019-04-23,18880.00,0.00,0.00,0.00,0.00,0.00,0.00,0.00,0.00,0.00,18880.00,derived,verified_account_balance
2019-04-24,18880.00,0.00,0.00,0.00,0.00,0.00,0.00,0.00,0.00,0.00,18880.00,derived,verified_account_balance
2019-04-25,18880.00,0.00,0.00,0.00,0.00,0.00,0.00,0.00,0.00,0.00,18880.00,derived,verified_account_balance
2019-04-26,18880.00,0.00,0.00,0.00,0.00,0.00,0.00,0.00,0.00,0.00,18880.00,derived,verified_account_balance
2019-04-27,18880.00,0.00,0.00,0.00,0.00,0.00,0.00,0.00,0.00,0.00,18880.00,derived,verified_account_balance
2019-04-28,18880.00,0.00,0.00,0.00,0.00,0.00,0.00,0.00,0.00,0.00,18880.00,derived,verified_account_balance
2019-04-29,18880.00,0.00,0.00,0.00,0.00,0.00,0.00,0.00,0.00,0.00,18880.00,derived,verified_account_balance
2019-04-30,18880.00,0.00,0.00,0.00,0.00,0.00,0.00,0.00,0.00,0.00,18880.00,derived,verified_account_balance
2019-05-01,18880.00,0.00,0.00,0.00,0.00,0.00,0.00,0.00,0.00,0.00,18880.00,derived,verified_account_balance
2019-05-02,18880.00,0.00,0.00,0.00,0.00,0.00,0.00,0.00,0.00,0.00,18880.00,derived,verified_account_balance
2019-05-03,18880.00,0.00,0.00,0.00,0.00,0.00,0.00,0.00,0.00,0.00,18880.00,derived,verified_account_balance
2019-05-04,18880.00,0.00,0.00,0.00,0.00,0.00,0.00,0.00,0.00,0.00,18880.00,derived,verified_account_balance
2019-05-05,18880.00,0.00,0.00,0.00,0.00,0.00,0.00,0.00,0.00,0.00,18880.00,derived,verified_account_balance
2019-05-06,18880.00,0.00,0.00,0.00,0.00,0.00,0.00,0.00,0.00,0.00,18880.00,derived,verified_account_balance
2019-05-07,18880.00,0.00,0.00,0.00,0.00,0.00,0.00,0.00,0.00,0.00,18880.00,derived,verified_account_balance
2019-05-08,18880.00,0.00,0.00,0.00,0.00,0.00,0.00,0.00,0.00,0.00,18880.00,derived,verified_account_balance
2019-05-09,18880.00,0.00,0.00,0.00,0.00,0.00,0.00,0.00,0.00,0.00,18880.00,derived,verified_account_balance
2019-05-10,18880.00,0.00,0.00,0.00,0.00,0.00,0.00,0.00,0.00,0.00,18880.00,derived,verified_account_balance
2019-05-11,18880.00,0.00,0.00,0.00,0.00,0.00,0.00,0.00,0.00,0.00,18880.00,derived,verified_account_balance
2019-05-12,18880.00,0.00,0.00,0.00,0.00,0.00,0.00,0.00,0.00,0.00,18880.00,derived,verified_account_balance
2019-05-13,18880.00,0.00,0.00,0.00,0.00,0.00,0.00,0.00,0.00,0.00,18880.00,derived,verified_account_balance
2019-05-14,18880.00,0.00,0.00,0.00,0.00,0.00,0.00,0.00,0.00,0.00,18880.00,derived,verified_account_balance
2019-05-15,18880.00,0.00,0.00,0.00,0.00,0.00,0.00,0.00,0.00,0.00,18880.00,derived,verified_account_balance
2019-05-16,18880.00,0.00,0.00,0.00,0.00,0.00,0.00,0.00,0.00,0.00,18880.00,derived,verified_account_balance
2019-05-17,18880.00,0.00,0.00,0.00,0.00,0.00,0.00,0.00,0.00,0.00,18880.00,derived,verified_account_balance
2019-05-18,18880.00,0.00,0.00,0.00,0.00,0.00,0.00,0.00,0.00,0.00,18880.00,derived,verified_account_balance
2019-05-19,18880.00,0.00,0.00,0.00,0.00,0.00,0.00,0.00,0.00,0.00,18880.00,derived,verified_account_balance
2019-05-20,18880.00,0.00,0.00,0.00,0.00,0.00,0.00,0.00,0.00,0.00,18880.00,derived,verified_account_balance
2019-05-21,18880.00,0.00,0.00,0.00,0.00,0.00,0.00,0.00,0.00,0.00,18880.00,derived,verified_account_balance
2019-05-22,18880.00,0.00,0.00,180.00,0.00,0.00,0.00,0.00,0.00,180.00,19060.00,derived,verified_account_balance
2019-05-23,19060.00,0.00,0.00,0.00,0.00,0.00,0.00,0.00,0.00,0.00,19060.00,derived,verified_account_balance
2019-05-24,19060.00,0.00,0.00,0.00,0.00,0.00,0.00,0.00,0.00,0.00,19060.00,derived,verified_account_balance
2019-05-25,19060.00,0.00,0.00,0.00,0.00,0.00,0.00,0.00,0.00,0.00,19060.00,derived,verified_account_balance
2019-05-26,19060.00,0.00,0.00,0.00,0.00,0.00,0.00,0.00,0.00,0.00,19060.00,derived,verified_account_balance
2019-05-27,19060.00,0.00,0.00,0.00,0.00,0.00,0.00,0.00,0.00,0.00,19060.00,derived,verified_account_balance
2019-05-28,19060.00,0.00,0.00,0.00,0.00,0.00,0.00,0.00,0.00,0.00,19060.00,derived,verified_account_balance
2019-05-29,19060.00,0.00,0.00,0.00,0.00,0.00,0.00,0.00,0.00,0.00,19060.00,derived,verified_account_balance
2019-05-30,19060.00,0.00,0.00,0.00,0.00,0.00,0.00,0.00,0.00,0.00,19060.00,derived,verified_account_balance
2019-05-31,19060.00,0.00,0.00,0.00,0.00,0.00,0.00,0.00,0.00,0.00,19060.00,derived,verified_account_balance
2019-06-01,19060.00,0.00,0.00,0.00,0.00,0.00,0.00,0.00,0.00,0.00,19060.00,derived,verified_account_balance
2019-06-02,19060.00,0.00,0.00,0.00,0.00,0.00,0.00,0.00,0.00,0.00,19060.00,derived,verified_account_balance
2019-06-03,19060.00,0.00,0.00,0.00,0.00,0.00,0.00,0.00,0.00,0.00,19060.00,derived,verified_account_balance
2019-06-04,19060.00,0.00,0.00,0.00,0.00,0.00,0.00,0.00,0.00,0.00,19060.00,derived,verified_account_balance
2019-06-05,19060.00,0.00,0.00,0.00,0.00,0.00,0.00,0.00,0.00,0.00,19060.00,derived,verified_account_balance
2019-06-06,19060.00,0.00,0.00,0.00,0.00,0.00,0.00,0.00,0.00,0.00,19060.00,derived,verified_account_balance
2019-06-07,19060.00,0.00,0.00,0.00,0.00,0.00,0.00,0.00,0.00,0.00,19060.00,derived,verified_account_balance
2019-06-08,19060.00,0.00,0.00,0.00,0.00,0.00,0.00,0.00,0.00,0.00,19060.00,derived,verified_account_balance
2019-06-09,19060.00,0.00,0.00,0.00,0.00,0.00,0.00,0.00,0.00,0.00,19060.00,derived,verified_account_balance
2019-06-10,19060.00,0.00,0.00,0.00,0.00,0.00,0.00,0.00,0.00,0.00,19060.00,derived,verified_account_balance
2019-06-11,19060.00,0.00,0.00,0.00,0.00,0.00,0.00,0.00,0.00,0.00,19060.00,derived,verified_account_balance
2019-06-12,19060.00,0.00,0.00,0.00,0.00,0.00,0.00,0.00,0.00,0.00,19060.00,derived,verified_account_balance
2019-06-13,19060.00,0.00,0.00,0.00,0.00,0.00,0.00,0.00,0.00,0.00,19060.00,derived,verified_account_balance
2019-06-14,19060.00,0.00,0.00,0.00,0.00,0.00,0.00,0.00,0.00,0.00,19060.00,derived,verified_account_balance
2019-06-15,19060.00,0.00,0.00,0.00,0.00,0.00,0.00,0.00,0.00,0.00,19060.00,derived,verified_account_balance
2019-06-16,19060.00,0.00,0.00,0.00,0.00,0.00,0.00,0.00,0.00,0.00,19060.00,derived,verified_account_balance
2019-06-17,19060.00,0.00,0.00,0.00,0.00,0.00,0.00,0.00,0.00,0.00,19060.00,derived,verified_account_balance
2019-06-18,19060.00,0.00,0.00,0.00,0.00,0.00,0.00,0.00,0.00,0.00,19060.00,derived,verified_account_balance
2019-06-19,19060.00,0.00,0.00,0.00,0.00,0.00,0.00,0.00,0.00,0.00,19060.00,derived,verified_account_balance
2019-06-20,19060.00,0.00,0.00,0.00,0.00,0.00,0.00,0.00,0.00,0.00,19060.00,derived,verified_account_balance
2019-06-21,19060.00,0.00,0.00,0.00,0.00,0.00,0.00,0.00,0.00,0.00,19060.00,derived,verified_account_balance
2019-06-22,19060.00,0.00,0.00,0.00,0.00,0.00,0.00,0.00,0.00,0.00,19060.00,derived,verified_account_balance
2019-06-23,19060.00,0.00,0.00,0.00,0.00,0.00,0.00,0.00,0.00,0.00,19060.00,derived,verified_account_balance
2019-06-24,19060.00,0.00,0.00,0.00,0.00,0.00,0.00,0.00,0.00,0.00,19060.00,derived,verified_account_balance
2019-06-25,19060.00,0.00,0.00,0.00,0.00,0.00,0.00,0.00,0.00,0.00,19060.00,derived,verified_account_balance
2019-06-26,19060.00,0.00,0.00,0.00,0.00,0.00,0.00,0.00,0.00,0.00,19060.00,derived,verified_account_balance
2019-06-27,19060.00,0.00,0.00,0.00,0.00,0.00,0.00,0.00,0.00,0.00,19060.00,derived,verified_account_balance
2019-06-28,19060.00,0.00,0.00,0.00,0.00,0.00,0.00,0.00,0.00,0.00,19060.00,derived,verified_account_balance
2019-06-29,19060.00,0.00,0.00,0.00,0.00,0.00,0.00,0.00,0.00,0.00,19060.00,derived,verified_account_balance
2019-06-30,19060.00,0.00,0.00,0.00,0.00,0.00,0.00,0.00,0.00,0.00,19060.00,derived,verified_account_balance
2019-07-01,19060.00,0.00,0.00,0.00,0.00,0.00,0.00,0.00,0.00,0.00,19060.00,derived,verified_account_balance
2019-07-02,19060.00,0.00,0.00,0.00,0.00,0.00,0.00,0.00,0.00,0.00,19060.00,derived,verified_account_balance
2019-07-03,19060.00,0.00,0.00,0.00,0.00,0.00,0.00,0.00,0.00,0.00,19060.00,derived,verified_account_balance
2019-07-04,19060.00,0.00,0.00,0.00,0.00,0.00,0.00,0.00,0.00,0.00,19060.00,derived,verified_account_balance
2019-07-05,19060.00,0.00,0.00,0.00,0.00,0.00,0.00,0.00,0.00,0.00,19060.00,derived,verified_account_balance
2019-07-06,19060.00,0.00,0.00,0.00,0.00,0.00,0.00,0.00,0.00,0.00,19060.00,derived,verified_account_balance
2019-07-07,19060.00,0.00,0.00,0.00,0.00,0.00,0.00,0.00,0.00,0.00,19060.00,derived,verified_account_balance
2019-07-08,19060.00,0.00,0.00,0.00,0.00,0.00,0.00,0.00,0.00,0.00,19060.00,derived,verified_account_balance
2019-07-09,19060.00,0.00,0.00,0.00,0.00,0.00,0.00,0.00,0.00,0.00,19060.00,derived,verified_account_balance
2019-07-10,19060.00,0.00,0.00,0.00,0.00,0.00,0.00,0.00,0.00,0.00,19060.00,derived,verified_account_balance
2019-07-11,19060.00,0.00,0.00,0.00,0.00,0.00,0.00,0.00,0.00,0.00,19060.00,derived,verified_account_balance
2019-07-12,19060.00,0.00,0.00,0.00,0.00,0.00,0.00,0.00,0.00,0.00,19060.00,derived,verified_account_balance
2019-07-13,19060.00,0.00,0.00,0.00,0.00,0.00,0.00,0.00,0.00,0.00,19060.00,derived,verified_account_balance
2019-07-14,19060.00,0.00,0.00,0.00,0.00,0.00,0.00,0.00,0.00,0.00,19060.00,derived,verified_account_balance
2019-07-15,19060.00,0.00,0.00,0.00,0.00,0.00,0.00,0.00,0.00,0.00,19060.00,derived,verified_account_balance
2019-07-16,19060.00,0.00,0.00,0.00,0.00,0.00,0.00,0.00,0.00,0.00,19060.00,derived,verified_account_balance
2019-07-17,19060.00,0.00,0.00,0.00,0.00,0.00,0.00,0.00,0.00,0.00,19060.00,derived,verified_account_balance
2019-07-18,19060.00,0.00,0.00,0.00,0.00,0.00,0.00,0.00,0.00,0.00,19060.00,derived,verified_account_balance
2019-07-19,19060.00,0.00,0.00,0.00,0.00,0.00,0.00,0.00,0.00,0.00,19060.00,derived,verified_account_balance
2019-07-20,19060.00,0.00,0.00,0.00,0.00,0.00,0.00,0.00,0.00,0.00,19060.00,derived,verified_account_balance
2019-07-21,19060.00,0.00,0.00,0.00,0.00,0.00,0.00,0.00,0.00,0.00,19060.00,derived,verified_account_balance
2019-07-22,19060.00,0.00,0.00,0.00,0.00,0.00,0.00,0.00,0.00,0.00,19060.00,derived,verified_account_balance
2019-07-23,19060.00,0.00,0.00,0.00,0.00,0.00,0.00,0.00,0.00,0.00,19060.00,derived,verified_account_balance
2019-07-24,19060.00,0.00,0.00,0.00,0.00,0.00,0.00,0.00,0.00,0.00,19060.00,derived,verified_account_balance
2019-07-25,19060.00,0.00,0.00,0.00,0.00,0.00,0.00,0.00,0.00,0.00,19060.00,derived,verified_account_balance
2019-07-26,19060.00,0.00,0.00,0.00,0.00,0.00,0.00,0.00,0.00,0.00,19060.00,derived,verified_account_balance
2019-07-27,19060.00,0.00,0.00,0.00,0.00,0.00,0.00,0.00,0.00,0.00,19060.00,derived,verified_account_balance
2019-07-28,19060.00,0.00,0.00,0.00,0.00,0.00,0.00,0.00,0.00,0.00,19060.00,derived,verified_account_balance
2019-07-29,19060.00,0.00,0.00,0.00,0.00,0.00,0.00,0.00,0.00,0.00,19060.00,derived,verified_account_balance
2019-07-30,19060.00,0.00,0.00,0.00,0.00,0.00,0.00,0.00,0.00,0.00,19060.00,derived,verified_account_balance
2019-07-31,19060.00,0.00,0.00,0.00,0.00,0.00,0.00,0.00,0.00,0.00,19060.00,derived,verified_account_balance
2019-08-01,19060.00,0.00,0.00,0.00,0.00,0.00,0.00,0.00,0.00,0.00,19060.00,derived,verified_account_balance
2019-08-02,19060.00,0.00,0.00,0.00,0.00,0.00,0.00,0.00,0.00,0.00,19060.00,derived,verified_account_balance
2019-08-03,19060.00,0.00,0.00,0.00,0.00,0.00,0.00,0.00,0.00,0.00,19060.00,derived,verified_account_balance
2019-08-04,19060.00,0.00,0.00,0.00,0.00,0.00,0.00,0.00,0.00,0.00,19060.00,derived,verified_account_balance
2019-08-05,19060.00,0.00,0.00,0.00,0.00,0.00,0.00,0.00,0.00,0.00,19060.00,derived,verified_account_balance
2019-08-06,19060.00,0.00,0.00,0.00,0.00,0.00,0.00,0.00,0.00,0.00,19060.00,derived,verified_account_balance
2019-08-07,19060.00,0.00,0.00,0.00,0.00,0.00,0.00,0.00,0.00,0.00,19060.00,derived,verified_account_balance
2019-08-08,19060.00,0.00,0.00,0.00,0.00,0.00,0.00,0.00,0.00,0.00,19060.00,derived,verified_account_balance
2019-08-09,19060.00,0.00,0.00,0.00,0.00,0.00,0.00,0.00,0.00,0.00,19060.00,derived,verified_account_balance
2019-08-10,19060.00,0.00,0.00,0.00,0.00,0.00,0.00,0.00,0.00,0.00,19060.00,derived,verified_account_balance
2019-08-11,19060.00,0.00,0.00,0.00,0.00,0.00,0.00,0.00,0.00,0.00,19060.00,derived,verified_account_balance
2019-08-12,19060.00,0.00,0.00,0.00,0.00,0.00,0.00,0.00,0.00,0.00,19060.00,derived,verified_account_balance
2019-08-13,19060.00,0.00,0.00,0.00,0.00,0.00,0.00,0.00,0.00,0.00,19060.00,derived,verified_account_balance
2019-08-14,19060.00,0.00,0.00,0.00,0.00,0.00,0.00,0.00,0.00,0.00,19060.00,derived,verified_account_balance
2019-08-15,19060.00,0.00,0.00,0.00,0.00,0.00,0.00,0.00,0.00,0.00,19060.00,derived,verified_account_balance
2019-08-16,19060.00,0.00,0.00,0.00,0.00,0.00,0.00,0.00,0.00,0.00,19060.00,derived,verified_account_balance
2019-08-17,19060.00,0.00,0.00,0.00,0.00,0.00,0.00,0.00,0.00,0.00,19060.00,derived,verified_account_balance
2019-08-18,19060.00,0.00,0.00,0.00,0.00,0.00,0.00,0.00,0.00,0.00,19060.00,derived,verified_account_balance
2019-08-19,19060.00,0.00,0.00,600.00,0.00,0.00,0.00,0.00,0.00,600.00,19660.00,derived,verified_account_balance
2019-08-20,19660.00,0.00,0.00,0.00,0.00,0.00,0.00,0.00,0.00,0.00,19660.00,derived,verified_account_balance
2019-08-21,19660.00,0.00,0.00,0.00,0.00,0.00,0.00,0.00,0.00,0.00,19660.00,derived,verified_account_balance
2019-08-22,19660.00,0.00,0.00,0.00,0.00,0.00,0.00,0.00,0.00,0.00,19660.00,derived,verified_account_balance
2019-08-23,19660.00,0.00,0.00,0.00,0.00,0.00,0.00,0.00,0.00,0.00,19660.00,derived,verified_account_balance
2019-08-24,19660.00,0.00,0.00,0.00,0.00,0.00,0.00,0.00,0.00,0.00,19660.00,derived,verified_account_balance
2019-08-25,19660.00,0.00,0.00,0.00,0.00,0.00,0.00,0.00,0.00,0.00,19660.00,derived,verified_account_balance
2019-08-26,19660.00,0.00,0.00,0.00,0.00,0.00,0.00,0.00,0.00,0.00,19660.00,derived,verified_account_balance
2019-08-27,19660.00,0.00,0.00,0.00,0.00,0.00,0.00,0.00,0.00,0.00,19660.00,derived,verified_account_balance
2019-08-28,19660.00,0.00,0.00,0.00,0.00,0.00,0.00,0.00,0.00,0.00,19660.00,derived,verified_account_balance
2019-08-29,19660.00,0.00,0.00,0.00,0.00,0.00,0.00,0.00,0.00,0.00,19660.00,derived,verified_account_balance
2019-08-30,19660.00,0.00,0.00,0.00,0.00,0.00,0.00,0.00,0.00,0.00,19660.00,derived,verified_account_balance
2019-08-31,19660.00,0.00,0.00,0.00,0.00,0.00,0.00,0.00,0.00,0.00,19660.00,derived,verified_account_balance
2019-09-01,19660.00,0.00,0.00,0.00,0.00,0.00,0.00,0.00,0.00,0.00,19660.00,derived,verified_account_balance
2019-09-02,19660.00,0.00,0.00,0.00,0.00,0.00,0.00,0.00,0.00,0.00,19660.00,derived,verified_account_balance
2019-09-03,19660.00,0.00,0.00,0.00,0.00,0.00,0.00,0.00,0.00,0.00,19660.00,derived,verified_account_balance
2019-09-04,19660.00,0.00,0.00,0.00,0.00,0.00,0.00,0.00,0.00,0.00,19660.00,derived,verified_account_balance
2019-09-05,19660.00,0.00,0.00,0.00,0.00,0.00,0.00,0.00,0.00,0.00,19660.00,derived,verified_account_balance
2019-09-06,19660.00,0.00,0.00,0.00,0.00,0.00,0.00,0.00,0.00,0.00,19660.00,derived,verified_account_balance
2019-09-07,19660.00,0.00,0.00,0.00,0.00,0.00,0.00,0.00,0.00,0.00,19660.00,derived,verified_account_balance
2019-09-08,19660.00,0.00,0.00,0.00,0.00,0.00,0.00,0.00,0.00,0.00,19660.00,derived,verified_account_balance
2019-09-09,19660.00,0.00,0.00,0.00,0.00,0.00,0.00,0.00,0.00,0.00,19660.00,derived,verified_account_balance
2019-09-10,19660.00,0.00,0.00,0.00,0.00,0.00,0.00,0.00,0.00,0.00,19660.00,derived,verified_account_balance
2019-09-11,19660.00,0.00,0.00,0.00,0.00,0.00,0.00,0.00,0.00,0.00,19660.00,derived,verified_account_balance
2019-09-12,19660.00,0.00,0.00,0.00,0.00,0.00,0.00,0.00,0.00,0.00,19660.00,derived,verified_account_balance
2019-09-13,19660.00,0.00,0.00,0.00,0.00,0.00,0.00,0.00,0.00,0.00,19660.00,derived,verified_account_balance
2019-09-14,19660.00,0.00,0.00,0.00,0.00,0.00,0.00,0.00,0.00,0.00,19660.00,derived,verified_account_balance
2019-09-15,19660.00,0.00,0.00,0.00,0.00,0.00,0.00,0.00,0.00,0.00,19660.00,derived,verified_account_balance
2019-09-16,19660.00,0.00,0.00,0.00,0.00,0.00,0.00,0.00,0.00,0.00,19660.00,derived,verified_account_balance
2019-09-17,19660.00,0.00,0.00,0.00,0.00,0.00,0.00,0.00,0.00,0.00,19660.00,derived,verified_account_balance
2019-09-18,19660.00,0.00,0.00,0.00,0.00,0.00,0.00,0.00,0.00,0.00,19660.00,derived,verified_account_balance
2019-09-19,19660.00,0.00,0.00,0.00,0.00,0.00,0.00,0.00,0.00,0.00,19660.00,derived,verified_account_balance
2019-09-20,19660.00,0.00,0.00,0.00,18.75,0.00,0.00,0.00,0.00,18.75,19678.75,derived,verified_account_balance
2019-09-21,19678.75,0.00,0.00,0.00,0.00,0.00,0.00,0.00,0.00,0.00,19678.75,derived,verified_account_balance
2019-09-22,19678.75,0.00,0.00,0.00,0.00,0.00,0.00,0.00,0.00,0.00,19678.75,derived,verified_account_balance
2019-09-23,19678.75,0.00,0.00,0.00,0.00,0.00,0.00,0.00,0.00,0.00,19678.75,derived,verified_account_balance
2019-09-24,19678.75,0.00,0.00,0.00,0.00,0.00,0.00,0.00,0.00,0.00,19678.75,derived,verified_account_balance
2019-09-25,19678.75,0.00,0.00,0.00,0.00,0.00,0.00,0.00,0.00,0.00,19678.75,derived,verified_account_balance
2019-09-26,19678.75,0.00,0.00,0.00,0.00,0.00,0.00,0.00,0.00,0.00,19678.75,derived,verified_account_balance
2019-09-27,19678.75,0.00,0.00,0.00,0.00,0.00,0.00,0.00,0.00,0.00,19678.75,derived,verified_account_balance
2019-09-28,19678.75,0.00,0.00,0.00,0.00,0.00,0.00,0.00,0.00,0.00,19678.75,derived,verified_account_balance
2019-09-29,19678.75,0.00,0.00,0.00,0.00,0.00,0.00,0.00,0.00,0.00,19678.75,derived,verified_account_balance
2019-09-30,19678.75,0.00,0.00,0.00,0.00,0.00,0.00,0.00,0.00,0.00,19678.75,derived,verified_account_balance
2019-10-01,19678.75,0.00,0.00,0.00,0.00,0.00,0.00,0.00,0.00,0.00,19678.75,derived,verified_account_balance
2019-10-02,19678.75,0.00,0.00,0.00,0.00,0.00,0.00,0.00,0.00,0.00,19678.75,derived,verified_account_balance
2019-10-03,19678.75,0.00,0.00,0.00,0.00,0.00,0.00,0.00,0.00,0.00,19678.75,derived,verified_account_balance
2019-10-04,19678.75,0.00,0.00,0.00,0.00,0.00,0.00,0.00,0.00,0.00,19678.75,derived,verified_account_balance
2019-10-05,19678.75,0.00,0.00,0.00,0.00,0.00,0.00,0.00,0.00,0.00,19678.75,derived,verified_account_balance
2019-10-06,19678.75,0.00,0.00,0.00,0.00,0.00,0.00,0.00,0.00,0.00,19678.75,derived,verified_account_balance
2019-10-07,19678.75,0.00,0.00,0.00,0.00,0.00,0.00,0.00,0.00,0.00,19678.75,derived,verified_account_balance
2019-10-08,19678.75,0.00,0.00,0.00,0.00,0.00,0.00,0.00,0.00,0.00,19678.75,derived,verified_account_balance
2019-10-09,19678.75,0.00,0.00,0.00,0.00,0.00,0.00,0.00,0.00,0.00,19678.75,derived,verified_account_balance
2019-10-10,19678.75,0.00,0.00,0.00,0.00,0.00,0.00,0.00,0.00,0.00,19678.75,derived,verified_account_balance
2019-10-11,19678.75,0.00,0.00,0.00,0.00,0.00,0.00,0.00,0.00,0.00,19678.75,derived,verified_account_balance
2019-10-12,19678.75,0.00,0.00,0.00,0.00,0.00,0.00,0.00,0.00,0.00,19678.75,derived,verified_account_balance
2019-10-13,19678.75,0.00,0.00,0.00,0.00,0.00,0.00,0.00,0.00,0.00,19678.75,derived,verified_account_balance
2019-10-14,19678.75,0.00,0.00,0.00,0.00,0.00,0.00,0.00,0.00,0.00,19678.75,derived,verified_account_balance
2019-10-15,19678.75,0.00,0.00,0.00,0.00,0.00,0.00,0.00,0.00,0.00,19678.75,derived,verified_account_balance
2019-10-16,19678.75,0.00,0.00,0.00,0.00,0.00,0.00,0.00,0.00,0.00,19678.75,derived,verified_account_balance
2019-10-17,19678.75,0.00,0.00,0.00,0.00,0.00,0.00,0.00,0.00,0.00,19678.75,derived,verified_account_balance
2019-10-18,19678.75,0.00,0.00,0.00,0.00,0.00,0.00,0.00,0.00,0.00,19678.75,derived,verified_account_balance
2019-10-19,19678.75,0.00,0.00,0.00,0.00,0.00,0.00,0.00,0.00,0.00,19678.75,derived,verified_account_balance
2019-10-20,19678.75,0.00,0.00,0.00,0.00,0.00,0.00,0.00,0.00,0.00,19678.75,derived,verified_account_balance
2019-10-21,19678.75,0.00,0.00,0.00,0.00,0.00,0.00,0.00,0.00,0.00,19678.75,derived,verified_account_balance
2019-10-22,19678.75,0.00,0.00,0.00,0.00,0.00,0.00,0.00,0.00,0.00,19678.75,derived,verified_account_balance
2019-10-23,19678.75,0.00,0.00,0.00,0.00,0.00,0.00,0.00,0.00,0.00,19678.75,derived,verified_account_balance
2019-10-24,19678.75,0.00,0.00,0.00,0.00,0.00,0.00,0.00,0.00,0.00,19678.75,derived,verified_account_balance
2019-10-25,19678.75,0.00,0.00,0.00,0.00,0.00,0.00,0.00,0.00,0.00,19678.75,derived,verified_account_balance
2019-10-26,19678.75,0.00,0.00,0.00,0.00,0.00,0.00,0.00,0.00,0.00,19678.75,derived,verified_account_balance
2019-10-27,19678.75,0.00,0.00,0.00,0.00,0.00,0.00,0.00,0.00,0.00,19678.75,derived,verified_account_balance
2019-10-28,19678.75,0.00,0.00,0.00,0.00,0.00,0.00,0.00,0.00,0.00,19678.75,derived,verified_account_balance
2019-10-29,19678.75,0.00,0.00,0.00,0.00,0.00,0.00,0.00,0.00,0.00,19678.75,derived,verified_account_balance
2019-10-30,19678.75,0.00,0.00,0.00,0.00,0.00,0.00,0.00,0.00,0.00,19678.75,derived,verified_account_balance
2019-10-31,19678.75,0.00,0.00,0.00,0.00,0.00,0.00,0.00,0.00,0.00,19678.75,derived,verified_account_balance
2019-11-01,19678.75,0.00,0.00,0.00,0.00,0.00,0.00,0.00,0.00,0.00,19678.75,derived,verified_account_balance
2019-11-02,19678.75,0.00,0.00,0.00,0.00,0.00,0.00,0.00,0.00,0.00,19678.75,derived,verified_account_balance
2019-11-03,19678.75,0.00,0.00,0.00,0.00,0.00,0.00,0.00,0.00,0.00,19678.75,derived,verified_account_balance
2019-11-04,19678.75,0.00,0.00,0.00,0.00,0.00,0.00,0.00,0.00,0.00,19678.75,derived,verified_account_balance
2019-11-05,19678.75,0.00,0.00,0.00,0.00,0.00,0.00,0.00,0.00,0.00,19678.75,derived,verified_account_balance
2019-11-06,19678.75,0.00,0.00,0.00,0.00,0.00,0.00,0.00,0.00,0.00,19678.75,derived,verified_account_balance
2019-11-07,19678.75,0.00,0.00,0.00,0.00,0.00,0.00,0.00,0.00,0.00,19678.75,derived,verified_account_balance
2019-11-08,19678.75,0.00,0.00,0.00,0.00,0.00,0.00,0.00,0.00,0.00,19678.75,derived,verified_account_balance
2019-11-09,19678.75,0.00,0.00,0.00,0.00,0.00,0.00,0.00,0.00,0.00,19678.75,derived,verified_account_balance
2019-11-10,19678.75,0.00,0.00,0.00,0.00,0.00,0.00,0.00,0.00,0.00,19678.75,derived,verified_account_balance
2019-11-11,19678.75,0.00,0.00,0.00,0.00,0.00,0.00,0.00,0.00,0.00,19678.75,derived,verified_account_balance
2019-11-12,19678.75,0.00,0.00,0.00,0.00,0.00,0.00,0.00,0.00,0.00,19678.75,derived,verified_account_balance
2019-11-13,19678.75,0.00,0.00,0.00,0.00,0.00,0.00,0.00,0.00,0.00,19678.75,derived,verified_account_balance
2019-11-14,19678.75,0.00,0.00,0.00,0.00,0.00,0.00,0.00,0.00,0.00,19678.75,derived,verified_account_balance
2019-11-15,19678.75,0.00,0.00,0.00,0.00,0.00,0.00,0.00,0.00,0.00,19678.75,derived,verified_account_balance
2019-11-16,19678.75,0.00,0.00,0.00,0.00,0.00,0.00,0.00,0.00,0.00,19678.75,derived,verified_account_balance
2019-11-17,19678.75,0.00,0.00,0.00,0.00,0.00,0.00,0.00,0.00,0.00,19678.75,derived,verified_account_balance
2019-11-18,19678.75,0.00,0.00,0.00,0.00,0.00,0.00,0.00,0.00,0.00,19678.75,derived,verified_account_balance
2019-11-19,19678.75,0.00,0.00,0.00,0.00,0.00,0.00,0.00,0.00,0.00,19678.75,derived,verified_account_balance
2019-11-20,19678.75,0.00,0.00,0.00,0.00,0.00,0.00,0.00,0.00,0.00,19678.75,derived,verified_account_balance
2019-11-21,19678.75,0.00,0.00,0.00,0.00,0.00,0.00,0.00,0.00,0.00,19678.75,derived,verified_account_balance
2019-11-22,19678.75,0.00,0.00,0.00,0.00,0.00,0.00,0.00,0.00,0.00,19678.75,derived,verified_account_balance
2019-11-23,19678.75,0.00,0.00,0.00,0.00,0.00,0.00,0.00,0.00,0.00,19678.75,derived,verified_account_balance
2019-11-24,19678.75,0.00,0.00,0.00,0.00,0.00,0.00,0.00,0.00,0.00,19678.75,derived,verified_account_balance
2019-11-25,19678.75,0.00,0.00,0.00,0.00,0.00,0.00,0.00,0.00,0.00,19678.75,derived,verified_account_balance
2019-11-26,19678.75,0.00,0.00,0.00,0.00,0.00,0.00,0.00,0.00,0.00,19678.75,derived,verified_account_balance
2019-11-27,19678.75,0.00,0.00,0.00,0.00,0.00,0.00,0.00,0.00,0.00,19678.75,derived,verified_account_balance
2019-11-28,19678.75,0.00,0.00,0.00,0.00,0.00,0.00,0.00,0.00,0.00,19678.75,derived,verified_account_balance
2019-11-29,19678.75,0.00,0.00,0.00,0.00,0.00,0.00,0.00,0.00,0.00,19678.75,derived,verified_account_balance
2019-11-30,19678.75,0.00,0.00,0.00,0.00,0.00,0.00,0.00,0.00,0.00,19678.75,derived,verified_account_balance
2019-12-01,19678.75,0.00,0.00,0.00,0.00,0.00,0.00,0.00,0.00,0.00,19678.75,derived,verified_account_balance
2019-12-02,19678.75,0.00,0.00,0.00,0.00,0.00,0.00,0.00,0.00,0.00,19678.75,derived,verified_account_balance
2019-12-03,19678.75,0.00,0.00,0.00,0.00,0.00,0.00,0.00,0.00,0.00,19678.75,derived,verified_account_balance
2019-12-04,19678.75,0.00,0.00,0.00,0.00,0.00,0.00,0.00,0.00,0.00,19678.75,derived,verified_account_balance
2019-12-05,19678.75,0.00,0.00,0.00,0.00,0.00,0.00,0.00,0.00,0.00,19678.75,derived,verified_account_balance
2019-12-06,19678.75,0.00,0.00,0.00,0.00,0.00,0.00,0.00,0.00,0.00,19678.75,derived,verified_account_balance
2019-12-07,19678.75,0.00,0.00,0.00,0.00,0.00,0.00,0.00,0.00,0.00,19678.75,derived,verified_account_balance
2019-12-08,19678.75,0.00,0.00,0.00,0.00,0.00,0.00,0.00,0.00,0.00,19678.75,derived,verified_account_balance
2019-12-09,19678.75,0.00,0.00,0.00,0.00,0.00,0.00,0.00,0.00,0.00,19678.75,derived,verified_account_balance
2019-12-10,19678.75,0.00,0.00,0.00,0.00,0.00,0.00,0.00,0.00,0.00,19678.75,derived,verified_account_balance
2019-12-11,19678.75,0.00,0.00,0.00,0.00,0.00,0.00,0.00,0.00,0.00,19678.75,derived,verified_account_balance
2019-12-12,19678.75,0.00,0.00,0.00,0.00,0.00,0.00,0.00,0.00,0.00,19678.75,derived,verified_account_balance
2019-12-13,19678.75,0.00,0.00,0.00,0.00,0.00,0.00,0.00,0.00,0.00,19678.75,derived,verified_account_balance
2019-12-14,19678.75,0.00,0.00,0.00,0.00,0.00,0.00,0.00,0.00,0.00,19678.75,derived,verified_account_balance
2019-12-15,19678.75,0.00,0.00,0.00,0.00,0.00,0.00,0.00,0.00,0.00,19678.75,derived,verified_account_balance
2019-12-16,19678.75,0.00,0.00,0.00,0.00,0.00,0.00,0.00,0.00,0.00,19678.75,derived,verified_account_balance
2019-12-17,19678.75,0.00,0.00,0.00,0.00,0.00,0.00,0.00,0.00,0.00,19678.75,derived,verified_account_balance
2019-12-18,19678.75,0.00,0.00,0.00,0.00,0.00,0.00,0.00,0.00,0.00,19678.75,derived,verified_account_balance
2019-12-19,19678.75,0.00,0.00,0.00,0.00,0.00,0.00,0.00,0.00,0.00,19678.75,derived,verified_account_balance
2019-12-20,19678.75,0.00,0.00,0.00,0.00,0.00,0.00,0.00,0.00,0.00,19678.75,derived,verified_account_balance
2019-12-21,19678.75,0.00,0.00,0.00,0.00,0.00,0.00,0.00,0.00,0.00,19678.75,derived,verified_account_balance
2019-12-22,19678.75,0.00,0.00,0.00,0.00,0.00,0.00,0.00,0.00,0.00,19678.75,derived,verified_account_balance
2019-12-23,19678.75,0.00,0.00,0.00,0.00,0.00,0.00,0.00,0.00,0.00,19678.75,derived,verified_account_balance
2019-12-24,19678.75,0.00,0.00,0.00,0.00,0.00,0.00,0.00,0.00,0.00,19678.75,derived,verified_account_balance
2019-12-25,19678.75,0.00,0.00,0.00,0.00,0.00,0.00,0.00,0.00,0.00,19678.75,derived,verified_account_balance
2019-12-26,19678.75,0.00,0.00,0.00,0.00,0.00,0.00,0.00,0.00,0.00,19678.75,derived,verified_account_balance
2019-12-27,19678.75,0.00,0.00,0.00,0.00,0.00,0.00,0.00,0.00,0.00,19678.75,derived,verified_account_balance
2019-12-28,19678.75,0.00,0.00,0.00,0.00,0.00,0.00,0.00,0.00,0.00,19678.75,derived,verified_account_balance
2019-12-29,19678.75,0.00,0.00,0.00,0.00,0.00,0.00,0.00,0.00,0.00,19678.75,derived,verified_account_balance
2019-12-30,19678.75,0.00,0.00,0.00,0.00,0.00,0.00,0.00,0.00,0.00,19678.75,derived,verified_account_balance
2019-12-31,19678.75,0.00,0.00,0.00,0.00,0.00,0.00,0.00,0.00,0.00,19678.75,derived,verified_account_balance
2020-01-01,19678.75,0.00,0.00,0.00,0.00,0.00,0.00,0.00,0.00,0.00,19678.75,derived,verified_account_balance
2020-01-02,19678.75,0.00,0.00,0.00,0.00,0.00,0.00,0.00,0.00,0.00,19678.75,derived,verified_account_balance
2020-01-03,19678.75,0.00,0.00,0.00,0.00,0.00,0.00,0.00,0.00,0.00,19678.75,derived,verified_account_balance
2020-01-04,19678.75,0.00,0.00,0.00,0.00,0.00,0.00,0.00,0.00,0.00,19678.75,derived,verified_account_balance
2020-01-05,19678.75,0.00,0.00,0.00,0.00,0.00,0.00,0.00,0.00,0.00,19678.75,derived,verified_account_balance
2020-01-06,19678.75,0.00,0.00,0.00,0.00,0.00,0.00,0.00,0.00,0.00,19678.75,derived,verified_account_balance
2020-01-07,19678.75,0.00,0.00,0.00,0.00,0.00,0.00,0.00,0.00,0.00,19678.75,derived,verified_account_balance
2020-01-08,19678.75,0.00,0.00,0.00,0.00,0.00,0.00,0.00,0.00,0.00,19678.75,derived,verified_account_balance
2020-01-09,19678.75,0.00,0.00,0.00,0.00,0.00,0.00,0.00,0.00,0.00,19678.75,derived,verified_account_balance
2020-01-10,19678.75,0.00,0.00,0.00,0.00,0.00,0.00,0.00,0.00,0.00,19678.75,derived,verified_account_balance
2020-01-11,19678.75,0.00,0.00,0.00,0.00,0.00,0.00,0.00,0.00,0.00,19678.75,derived,verified_account_balance
2020-01-12,19678.75,0.00,0.00,0.00,0.00,0.00,0.00,0.00,0.00,0.00,19678.75,derived,verified_account_balance
2020-01-13,19678.75,0.00,0.00,0.00,0.00,0.00,0.00,0.00,0.00,0.00,19678.75,derived,verified_account_balance
2020-01-14,19678.75,0.00,0.00,-400.00,0.00,0.00,0.00,0.00,0.00,-400.00,19278.75,derived,verified_account_balance
2020-01-15,19278.75,0.00,0.00,0.00,0.00,0.00,0.00,0.00,0.00,0.00,19278.75,derived,verified_account_balance
2020-01-16,19278.75,0.00,0.00,0.00,0.00,0.00,0.00,0.00,0.00,0.00,19278.75,derived,verified_account_balance
2020-01-17,19278.75,0.00,0.00,0.00,0.00,0.00,0.00,0.00,0.00,0.00,19278.75,derived,verified_account_balance
2020-01-18,19278.75,0.00,0.00,0.00,0.00,0.00,0.00,0.00,0.00,0.00,19278.75,derived,verified_account_balance
2020-01-19,19278.75,0.00,0.00,0.00,0.00,0.00,0.00,0.00,0.00,0.00,19278.75,derived,verified_account_balance
2020-01-20,19278.75,0.00,0.00,0.00,0.00,0.00,0.00,0.00,0.00,0.00,19278.75,derived,verified_account_balance
2020-01-21,19278.75,0.00,0.00,0.00,0.00,0.00,0.00,0.00,0.00,0.00,19278.75,derived,verified_account_balance
2020-01-22,19278.75,0.00,0.00,90.00,0.00,0.00,0.00,0.00,0.00,90.00,19368.75,derived,verified_account_balance
2020-01-23,19368.75,0.00,0.00,0.00,0.00,0.00,0.00,0.00,0.00,0.00,19368.75,derived,verified_account_balance
2020-01-24,19368.75,0.00,0.00,0.00,0.00,0.00,0.00,0.00,0.00,0.00,19368.75,derived,verified_account_balance
2020-01-25,19368.75,0.00,0.00,0.00,0.00,0.00,0.00,0.00,0.00,0.00,19368.75,derived,verified_account_balance
2020-01-26,19368.75,0.00,0.00,0.00,0.00,0.00,0.00,0.00,0.00,0.00,19368.75,derived,verified_account_balance
2020-01-27,19368.75,0.00,0.00,0.00,0.00,0.00,0.00,0.00,0.00,0.00,19368.75,derived,verified_account_balance
2020-01-28,19368.75,0.00,0.00,0.00,0.00,0.00,0.00,0.00,0.00,0.00,19368.75,derived,verified_account_balance
2020-01-29,19368.75,0.00,0.00,0.00,0.00,0.00,0.00,0.00,0.00,0.00,19368.75,derived,verified_account_balance
2020-01-30,19368.75,0.00,0.00,0.00,0.00,0.00,0.00,0.00,0.00,0.00,19368.75,derived,verified_account_balance
2020-01-31,19368.75,0.00,0.00,0.00,0.00,0.00,0.00,0.00,0.00,0.00,19368.75,derived,verified_account_balance
2020-02-01,19368.75,0.00,0.00,0.00,0.00,0.00,0.00,0.00,0.00,0.00,19368.75,derived,verified_account_balance
2020-02-02,19368.75,0.00,0.00,0.00,0.00,0.00,0.00,0.00,0.00,0.00,19368.75,derived,verified_account_balance
2020-02-03,19368.75,0.00,0.00,0.00,0.00,0.00,0.00,0.00,0.00,0.00,19368.75,derived,verified_account_balance
2020-02-04,19368.75,0.00,0.00,0.00,0.00,0.00,0.00,0.00,0.00,0.00,19368.75,derived,verified_account_balance
2020-02-05,19368.75,0.00,0.00,0.00,0.00,0.00,0.00,0.00,0.00,0.00,19368.75,derived,verified_account_balance
2020-02-06,19368.75,0.00,0.00,0.00,0.00,0.00,0.00,0.00,0.00,0.00,19368.75,derived,verified_account_balance
2020-02-07,19368.75,0.00,0.00,0.00,0.00,0.00,0.00,0.00,0.00,0.00,19368.75,derived,verified_account_balance
2020-02-08,19368.75,0.00,0.00,0.00,0.00,0.00,0.00,0.00,0.00,0.00,19368.75,derived,verified_account_balance
2020-02-09,19368.75,0.00,0.00,0.00,0.00,0.00,0.00,0.00,0.00,0.00,19368.75,derived,verified_account_balance
2020-02-10,19368.75,0.00,0.00,0.00,0.00,0.00,0.00,0.00,0.00,0.00,19368.75,derived,verified_account_balance
2020-02-11,19368.75,0.00,0.00,0.00,0.00,0.00,0.00,0.00,0.00,0.00,19368.75,derived,verified_account_balance
2020-02-12,19368.75,0.00,0.00,0.00,0.00,0.00,0.00,0.00,0.00,0.00,19368.75,derived,verified_account_balance
2020-02-13,19368.75,0.00,0.00,0.00,0.00,0.00,0.00,0.00,0.00,0.00,19368.75,derived,verified_account_balance
2020-02-14,19368.75,0.00,0.00,0.00,0.00,0.00,0.00,0.00,0.00,0.00,19368.75,derived,verified_account_balance
2020-02-15,19368.75,0.00,0.00,0.00,0.00,0.00,0.00,0.00,0.00,0.00,19368.75,derived,verified_account_balance
2020-02-16,19368.75,0.00,0.00,0.00,0.00,0.00,0.00,0.00,0.00,0.00,19368.75,derived,verified_account_balance
2020-02-17,19368.75,0.00,0.00,0.00,0.00,0.00,0.00,0.00,0.00,0.00,19368.75,derived,verified_account_balance
2020-02-18,19368.75,0.00,0.00,0.00,0.00,0.00,0.00,0.00,0.00,0.00,19368.75,derived,verified_account_balance
2020-02-19,19368.75,0.00,0.00,0.00,0.00,0.00,0.00,0.00,0.00,0.00,19368.75,derived,verified_account_balance
2020-02-20,19368.75,0.00,0.00,0.00,0.00,0.00,0.00,0.00,0.00,0.00,19368.75,derived,verified_account_balance
2020-02-21,19368.75,0.00,0.00,0.00,0.00,0.00,0.00,0.00,0.00,0.00,19368.75,derived,verified_account_balance
2020-02-22,19368.75,0.00,0.00,0.00,0.00,0.00,0.00,0.00,0.00,0.00,19368.75,derived,verified_account_balance
2020-02-23,19368.75,0.00,0.00,0.00,0.00,0.00,0.00,0.00,0.00,0.00,19368.75,derived,verified_account_balance
2020-02-24,19368.75,0.00,0.00,0.00,0.00,0.00,0.00,0.00,0.00,0.00,19368.75,derived,verified_account_balance
2020-02-25,19368.75,0.00,0.00,0.00,0.00,0.00,0.00,0.00,0.00,0.00,19368.75,derived,verified_account_balance
2020-02-26,19368.75,0.00,0.00,0.00,0.00,0.00,0.00,0.00,0.00,0.00,19368.75,derived,verified_account_balance
2020-02-27,19368.75,0.00,0.00,0.00,0.00,0.00,0.00,0.00,0.00,0.00,19368.75,derived,verified_account_balance
2020-02-28,19368.75,0.00,0.00,0.00,0.00,0.00,0.00,0.00,0.00,0.00,19368.75,derived,verified_account_balance
2020-02-29,19368.75,0.00,0.00,0.00,0.00,0.00,0.00,0.00,0.00,0.00,19368.75,derived,verified_account_balance
2020-03-01,19368.75,0.00,0.00,0.00,0.00,0.00,0.00,0.00,0.00,0.00,19368.75,derived,verified_account_balance
2020-03-02,19368.75,0.00,0.00,0.00,0.00,0.00,0.00,0.00,0.00,0.00,19368.75,derived,verified_account_balance
2020-03-03,19368.75,0.00,0.00,0.00,0.00,0.00,0.00,0.00,0.00,0.00,19368.75,derived,verified_account_balance
2020-03-04,19368.75,0.00,0.00,0.00,0.00,0.00,0.00,0.00,0.00,0.00,19368.75,derived,verified_account_balance
2020-03-05,19368.75,0.00,0.00,0.00,0.00,0.00,0.00,0.00,0.00,0.00,19368.75,derived,verified_account_balance
2020-03-06,19368.75,0.00,0.00,0.00,0.00,0.00,0.00,0.00,0.00,0.00,19368.75,derived,verified_account_balance
2020-03-07,19368.75,0.00,0.00,0.00,0.00,0.00,0.00,0.00,0.00,0.00,19368.75,derived,verified_account_balance
2020-03-08,19368.75,0.00,0.00,0.00,0.00,0.00,0.00,0.00,0.00,0.00,19368.75,derived,verified_account_balance
2020-03-09,19368.75,0.00,0.00,300.00,0.00,0.00,0.00,0.00,0.00,300.00,19668.75,derived,verified_account_balance
2020-03-10,19668.75,0.00,0.00,0.00,0.00,0.00,0.00,0.00,0.00,0.00,19668.75,derived,verified_account_balance
2020-03-11,19668.75,0.00,0.00,0.00,0.00,0.00,0.00,0.00,0.00,0.00,19668.75,derived,verified_account_balance
2020-03-12,19668.75,0.00,0.00,-140.00,0.00,0.00,0.00,0.00,0.00,-140.00,19528.75,derived,verified_account_balance
2020-03-13,19528.75,0.00,0.00,0.00,0.00,0.00,0.00,0.00,0.00,0.00,19528.75,derived,verified_account_balance
2020-03-14,19528.75,0.00,0.00,0.00,0.00,0.00,0.00,0.00,0.00,0.00,19528.75,derived,verified_account_balance
2020-03-15,19528.75,0.00,0.00,0.00,0.00,0.00,0.00,0.00,0.00,0.00,19528.75,derived,verified_account_balance
2020-03-16,19528.75,0.00,0.00,0.00,0.00,0.00,0.00,0.00,0.00,0.00,19528.75,derived,verified_account_balance
2020-03-17,19528.75,0.00,0.00,0.00,0.00,0.00,0.00,0.00,0.00,0.00,19528.75,derived,verified_account_balance
2020-03-18,19528.75,0.00,0.00,0.00,0.00,0.00,0.00,0.00,0.00,0.00,19528.75,derived,verified_account_balance
2020-03-19,19528.75,0.00,0.00,0.00,0.00,0.00,0.00,0.00,0.00,0.00,19528.75,derived,verified_account_balance
2020-03-20,19528.75,0.00,0.00,0.00,0.00,0.00,0.00,0.00,0.00,0.00,19528.75,derived,verified_account_balance
2020-03-21,19528.75,0.00,0.00,0.00,0.00,0.00,0.00,0.00,0.00,0.00,19528.75,derived,verified_account_balance
2020-03-22,19528.75,0.00,0.00,0.00,0.00,0.00,0.00,0.00,0.00,0.00,19528.75,derived,verified_account_balance
2020-03-23,19528.75,0.00,0.00,0.00,0.00,0.00,0.00,0.00,0.00,0.00,19528.75,derived,verified_account_balance
2020-03-24,19528.75,0.00,0.00,0.00,0.00,0.00,0.00,0.00,0.00,0.00,19528.75,derived,verified_account_balance
2020-03-25,19528.75,0.00,0.00,0.00,0.00,0.00,0.00,0.00,0.00,0.00,19528.75,derived,verified_account_balance
2020-03-26,19528.75,0.00,0.00,0.00,0.00,0.00,0.00,0.00,0.00,0.00,19528.75,derived,verified_account_balance
2020-03-27,19528.75,0.00,0.00,0.00,0.00,0.00,0.00,0.00,0.00,0.00,19528.75,derived,verified_account_balance
2020-03-28,19528.75,0.00,0.00,0.00,0.00,0.00,0.00,0.00,0.00,0.00,19528.75,derived,verified_account_balance
2020-03-29,19528.75,0.00,0.00,0.00,0.00,0.00,0.00,0.00,0.00,0.00,19528.75,derived,verified_account_balance
2020-03-30,19528.75,0.00,0.00,0.00,0.00,0.00,0.00,0.00,0.00,0.00,19528.75,derived,verified_account_balance
2020-03-31,19528.75,0.00,0.00,0.00,0.00,0.00,0.00,0.00,0.00,0.00,19528.75,derived,verified_account_balance
2020-04-01,19528.75,0.00,0.00,0.00,0.00,0.00,0.00,0.00,0.00,0.00,19528.75,derived,verified_account_balance
2020-04-02,19528.75,0.00,0.00,0.00,0.00,0.00,0.00,0.00,0.00,0.00,19528.75,derived,verified_account_balance
2020-04-03,19528.75,0.00,0.00,0.00,0.00,0.00,0.00,0.00,0.00,0.00,19528.75,derived,verified_account_balance
2020-04-04,19528.75,0.00,0.00,0.00,0.00,0.00,0.00,0.00,0.00,0.00,19528.75,derived,verified_account_balance
2020-04-05,19528.75,0.00,0.00,0.00,0.00,0.00,0.00,0.00,0.00,0.00,19528.75,derived,verified_account_balance
2020-04-06,19528.75,0.00,0.00,0.00,0.00,0.00,0.00,0.00,0.00,0.00,19528.75,derived,verified_account_balance
2020-04-07,19528.75,0.00,0.00,0.00,0.00,0.00,0.00,0.00,0.00,0.00,19528.75,derived,verified_account_balance
2020-04-08,19528.75,0.00,0.00,0.00,0.00,0.00,0.00,0.00,0.00,0.00,19528.75,derived,verified_account_balance
2020-04-09,19528.75,0.00,0.00,0.00,0.00,0.00,0.00,0.00,0.00,0.00,19528.75,derived,verified_account_balance
2020-04-10,19528.75,0.00,0.00,0.00,0.00,0.00,0.00,0.00,0.00,0.00,19528.75,derived,verified_account_balance
2020-04-11,19528.75,0.00,0.00,0.00,0.00,0.00,0.00,0.00,0.00,0.00,19528.75,derived,verified_account_balance
2020-04-12,19528.75,0.00,0.00,0.00,0.00,0.00,0.00,0.00,0.00,0.00,19528.75,derived,verified_account_balance
2020-04-13,19528.75,0.00,0.00,0.00,0.00,0.00,0.00,0.00,0.00,0.00,19528.75,derived,verified_account_balance
2020-04-14,19528.75,0.00,0.00,0.00,0.00,0.00,0.00,0.00,0.00,0.00,19528.75,derived,verified_account_balance
2020-04-15,19528.75,0.00,0.00,0.00,0.00,-5.00,0.00,0.00,0.00,-5.00,19523.75,derived,verified_account_balance
2020-04-16,19523.75,0.00,0.00,0.00,0.00,0.00,0.00,0.00,0.00,0.00,19523.75,derived,verified_account_balance
2020-04-17,19523.75,0.00,0.00,0.00,0.00,0.00,0.00,0.00,0.00,0.00,19523.75,derived,verified_account_balance
2020-04-18,19523.75,0.00,0.00,0.00,0.00,0.00,0.00,0.00,0.00,0.00,19523.75,derived,verified_account_balance
2020-04-19,19523.75,0.00,0.00,0.00,0.00,0.00,0.00,0.00,0.00,0.00,19523.75,derived,verified_account_balance
2020-04-20,19523.75,0.00,0.00,0.00,0.00,0.00,0.00,0.00,0.00,0.00,19523.75,derived,verified_account_balance
2020-04-21,19523.75,0.00,0.00,0.00,0.00,0.00,0.00,0.00,0.00,0.00,19523.75,derived,verified_account_balance
2020-04-22,19523.75,0.00,0.00,0.00,0.00,0.00,0.00,0.00,0.00,0.00,19523.75,derived,verified_account_balance
2020-04-23,19523.75,0.00,0.00,0.00,0.00,0.00,0.00,0.00,0.00,0.00,19523.75,derived,verified_account_balance
2020-04-24,19523.75,0.00,0.00,0.00,0.00,0.00,0.00,0.00,0.00,0.00,19523.75,derived,verified_account_balance
2020-04-25,19523.75,0.00,0.00,0.00,0.00,0.00,0.00,0.00,0.00,0.00,19523.75,derived,verified_account_balance
2020-04-26,19523.75,0.00,0.00,0.00,0.00,0.00,0.00,0.00,0.00,0.00,19523.75,derived,verified_account_balance
2020-04-27,19523.75,0.00,0.00,0.00,0.00,0.00,0.00,0.00,0.00,0.00,19523.75,derived,verified_account_balance
2020-04-28,19523.75,0.00,0.00,0.00,0.00,0.00,0.00,0.00,0.00,0.00,19523.75,derived,verified_account_balance
2020-04-29,19523.75,0.00,0.00,0.00,0.00,0.00,0.00,0.00,0.00,0.00,19523.75,derived,verified_account_balance
2020-04-30,19523.75,0.00,0.00,0.00,0.00,0.00,0.00,0.00,0.00,0.00,19523.75,derived,verified_account_balance
2020-05-01,19523.75,0.00,0.00,0.00,0.00,0.00,0.00,0.00,0.00,0.00,19523.75,derived,verified_account_balance
2020-05-02,19523.75,0.00,0.00,0.00,0.00,0.00,0.00,0.00,0.00,0.00,19523.75,derived,verified_account_balance
2020-05-03,19523.75,0.00,0.00,0.00,0.00,0.00,0.00,0.00,0.00,0.00,19523.75,derived,verified_account_balance
2020-05-04,19523.75,0.00,0.00,0.00,0.00,0.00,0.00,0.00,0.00,0.00,19523.75,derived,verified_account_balance
2020-05-05,19523.75,0.00,0.00,0.00,0.00,0.00,0.00,0.00,0.00,0.00,19523.75,derived,verified_account_balance
2020-05-06,19523.75,0.00,0.00,0.00,0.00,0.00,0.00,0.00,0.00,0.00,19523.75,derived,verified_account_balance
2020-05-07,19523.75,0.00,0.00,0.00,0.00,0.00,0.00,0.00,0.00,0.00,19523.75,derived,verified_account_balance
2020-05-08,19523.75,0.00,0.00,0.00,0.00,0.00,0.00,0.00,0.00,0.00,19523.75,derived,verified_account_balance
2020-05-09,19523.75,0.00,0.00,0.00,0.00,0.00,0.00,0.00,0.00,0.00,19523.75,derived,verified_account_balance
2020-05-10,19523.75,0.00,0.00,0.00,0.00,0.00,0.00,0.00,0.00,0.00,19523.75,derived,verified_account_balance
2020-05-11,19523.75,0.00,0.00,0.00,0.00,0.00,0.00,0.00,0.00,0.00,19523.75,derived,verified_account_balance
2020-05-12,19523.75,0.00,0.00,0.00,0.00,0.00,0.00,0.00,0.00,0.00,19523.75,derived,verified_account_balance
2020-05-13,19523.75,0.00,0.00,0.00,0.00,0.00,0.00,0.00,0.00,0.00,19523.75,derived,verified_account_balance
2020-05-14,19523.75,0.00,0.00,0.00,0.00,0.00,0.00,0.00,0.00,0.00,19523.75,derived,verified_account_balance
2020-05-15,19523.75,0.00,0.00,0.00,0.00,0.00,0.00,0.00,0.00,0.00,19523.75,derived,verified_account_balance
2020-05-16,19523.75,0.00,0.00,0.00,0.00,0.00,0.00,0.00,0.00,0.00,19523.75,derived,verified_account_balance
2020-05-17,19523.75,0.00,0.00,0.00,0.00,0.00,0.00,0.00,0.00,0.00,19523.75,derived,verified_account_balance
2020-05-18,19523.75,0.00,0.00,0.00,0.00,0.00,0.00,0.00,0.00,0.00,19523.75,derived,verified_account_balance
2020-05-19,19523.75,0.00,0.00,0.00,0.00,0.00,0.00,0.00,0.00,0.00,19523.75,derived,verified_account_balance
2020-05-20,19523.75,0.00,0.00,0.00,0.00,0.00,0.00,0.00,0.00,0.00,19523.75,derived,verified_account_balance
2020-05-21,19523.75,0.00,0.00,0.00,0.00,0.00,0.00,0.00,0.00,0.00,19523.75,derived,verified_account_balance
2020-05-22,19523.75,0.00,0.00,0.00,0.00,0.00,0.00,0.00,0.00,0.00,19523.75,derived,verified_account_balance
2020-05-23,19523.75,0.00,0.00,0.00,0.00,0.00,0.00,0.00,0.00,0.00,19523.75,derived,verified_account_balance
2020-05-24,19523.75,0.00,0.00,0.00,0.00,0.00,0.00,0.00,0.00,0.00,19523.75,derived,verified_account_balance
2020-05-25,19523.75,0.00,0.00,0.00,0.00,0.00,0.00,0.00,0.00,0.00,19523.75,derived,verified_account_balance
2020-05-26,19523.75,0.00,0.00,0.00,0.00,0.00,0.00,0.00,0.00,0.00,19523.75,derived,verified_account_balance
2020-05-27,19523.75,0.00,0.00,0.00,0.00,0.00,0.00,0.00,0.00,0.00,19523.75,derived,verified_account_balance
2020-05-28,19523.75,0.00,0.00,0.00,0.00,0.00,0.00,0.00,0.00,0.00,19523.75,derived,verified_account_balance
2020-05-29,19523.75,0.00,0.00,0.00,0.00,0.00,0.00,0.00,0.00,0.00,19523.75,derived,verified_account_balance
2020-05-30,19523.75,0.00,0.00,0.00,0.00,0.00,0.00,0.00,0.00,0.00,19523.75,derived,verified_account_balance
2020-05-31,19523.75,0.00,0.00,0.00,0.00,0.00,0.00,0.00,0.00,0.00,19523.75,derived,verified_account_balance
2020-06-01,19523.75,0.00,0.00,0.00,0.00,0.00,-8.25,0.00,0.00,-8.25,19515.50,derived,verified_account_balance
2020-06-02,19515.50,0.00,0.00,0.00,0.00,0.00,0.00,0.00,0.00,0.00,19515.50,derived,verified_account_balance
2020-06-03,19515.50,0.00,0.00,0.00,0.00,0.00,0.00,0.00,0.00,0.00,19515.50,derived,verified_account_balance
2020-06-04,19515.50,0.00,0.00,0.00,0.00,0.00,0.00,0.00,0.00,0.00,19515.50,derived,verified_account_balance
2020-06-05,19515.50,0.00,0.00,0.00,0.00,0.00,0.00,0.00,0.00,0.00,19515.50,derived,verified_account_balance
2020-06-06,19515.50,0.00,0.00,0.00,0.00,0.00,0.00,0.00,0.00,0.00,19515.50,derived,verified_account_balance
2020-06-07,19515.50,0.00,0.00,0.00,0.00,0.00,0.00,0.00,0.00,0.00,19515.50,derived,verified_account_balance
2020-06-08,19515.50,0.00,0.00,0.00,0.00,0.00,0.00,0.00,0.00,0.00,19515.50,derived,verified_account_balance
2020-06-09,19515.50,0.00,0.00,0.00,0.00,0.00,0.00,0.00,0.00,0.00,19515.50,derived,verified_account_balance
2020-06-10,19515.50,0.00,0.00,0.00,0.00,0.00,0.00,0.00,0.00,0.00,19515.50,derived,verified_account_balance
2020-06-11,19515.50,0.00,0.00,0.00,0.00,0.00,0.00,0.00,0.00,0.00,19515.50,derived,verified_account_balance
2020-06-12,19515.50,0.00,0.00,0.00,0.00,0.00,0.00,0.00,0.00,0.00,19515.50,derived,verified_account_balance
2020-06-13,19515.50,0.00,0.00,0.00,0.00,0.00,0.00,0.00,0.00,0.00,19515.50,derived,verified_account_balance
2020-06-14,19515.50,0.00,0.00,0.00,0.00,0.00,0.00,0.00,0.00,0.00,19515.50,derived,verified_account_balance
2020-06-15,19515.50,0.00,0.00,0.00,0.00,0.00,0.00,0.00,0.00,0.00,19515.50,derived,verified_account_balance
2020-06-16,19515.50,0.00,0.00,0.00,0.00,0.00,0.00,0.00,0.00,0.00,19515.50,derived,verified_account_balance
2020-06-17,19515.50,0.00,0.00,0.00,0.00,0.00,0.00,0.00,0.00,0.00,19515.50,derived,verified_account_balance
2020-06-18,19515.50,0.00,0.00,0.00,0.00,0.00,0.00,0.00,0.00,0.00,19515.50,derived,verified_account_balance
2020-06-19,19515.50,0.00,0.00,0.00,0.00,0.00,0.00,0.00,0.00,0.00,19515.50,derived,verified_account_balance
2020-06-20,19515.50,0.00,0.00,0.00,0.00,0.00,0.00,0.00,0.00,0.00,19515.50,derived,verified_account_balance
2020-06-21,19515.50,0.00,0.00,0.00,0.00,0.00,0.00,0.00,0.00,0.00,19515.50,derived,verified_account_balance
2020-06-22,19515.50,0.00,0.00,0.00,0.00,0.00,0.00,0.00,0.00,0.00,19515.50,derived,verified_account_balance
2020-06-23,19515.50,0.00,0.00,0.00,0.00,0.00,0.00,0.00,0.00,0.00,19515.50,derived,verified_account_balance
2020-06-24,19515.50,0.00,0.00,0.00,0.00,0.00,0.00,0.00,0.00,0.00,19515.50,derived,verified_account_balance
2020-06-25,19515.50,0.00,0.00,0.00,0.00,0.00,0.00,0.00,0.00,0.00,19515.50,derived,verified_account_balance
2020-06-26,19515.50,0.00,0.00,0.00,0.00,0.00,0.00,0.00,0.00,0.00,19515.50,derived,verified_account_balance
2020-06-27,19515.50,0.00,0.00,0.00,0.00,0.00,0.00,0.00,0.00,0.00,19515.50,derived,verified_account_balance
2020-06-28,19515.50,0.00,0.00,0.00,0.00,0.00,0.00,0.00,0.00,0.00,19515.50,derived,verified_account_balance
2020-06-29,19515.50,0.00,0.00,0.00,0.00,0.00,0.00,0.00,0.00,0.00,19515.50,derived,verified_account_balance
2020-06-30,19515.50,0.00,0.00,0.00,0.00,0.00,0.00,0.00,0.00,0.00,19515.50,derived,verified_account_balance
2020-07-01,19515.50,0.00,0.00,0.00,0.00,0.00,0.00,0.00,0.00,0.00,19515.50,derived,verified_account_balance
2020-07-02,19515.50,0.00,0.00,0.00,0.00,0.00,0.00,0.00,0.00,0.00,19515.50,derived,verified_account_balance
2020-07-03,19515.50,0.00,0.00,0.00,0.00,0.00,0.00,0.00,0.00,0.00,19515.50,derived,verified_account_balance
2020-07-04,19515.50,0.00,0.00,0.00,0.00,0.00,0.00,0.00,0.00,0.00,19515.50,derived,verified_account_balance
2020-07-05,19515.50,0.00,0.00,0.00,0.00,0.00,0.00,0.00,0.00,0.00,19515.50,derived,verified_account_balance
2020-07-06,19515.50,0.00,0.00,0.00,0.00,0.00,0.00,0.00,0.00,0.00,19515.50,derived,verified_account_balance
2020-07-07,19515.50,0.00,0.00,0.00,0.00,0.00,0.00,0.00,0.00,0.00,19515.50,derived,verified_account_balance
2020-07-08,19515.50,0.00,0.00,0.00,0.00,0.00,0.00,0.00,0.00,0.00,19515.50,derived,verified_account_balance
2020-07-09,19515.50,0.00,0.00,0.00,0.00,0.00,0.00,0.00,0.00,0.00,19515.50,derived,verified_account_balance
2020-07-10,19515.50,0.00,0.00,0.00,0.00,0.00,0.00,0.00,0.00,0.00,19515.50,derived,verified_account_balance
2020-07-11,19515.50,0.00,0.00,0.00,0.00,0.00,0.00,0.00,0.00,0.00,19515.50,derived,verified_account_balance
2020-07-12,19515.50,0.00,0.00,0.00,0.00,0.00,0.00,0.00,0.00,0.00,19515.50,derived,verified_account_balance
2020-07-13,19515.50,0.00,0.00,0.00,0.00,0.00,0.00,0.00,0.00,0.00,19515.50,derived,verified_account_balance
2020-07-14,19515.50,0.00,0.00,0.00,0.00,0.00,0.00,0.00,0.00,0.00,19515.50,derived,verified_account_balance
2020-07-15,19515.50,0.00,0.00,0.00,0.00,0.00,0.00,0.00,0.00,0.00,19515.50,derived,verified_account_balance
2020-07-16,19515.50,0.00,0.00,0.00,0.00,0.00,0.00,0.00,0.00,0.00,19515.50,derived,verified_account_balance
2020-07-17,19515.50,0.00,0.00,0.00,0.00,0.00,0.00,0.00,0.00,0.00,19515.50,derived,verified_account_balance
2020-07-18,19515.50,0.00,0.00,0.00,0.00,0.00,0.00,0.00,0.00,0.00,19515.50,derived,verified_account_balance
2020-07-19,19515.50,0.00,0.00,0.00,0.00,0.00,0.00,0.00,0.00,0.00,19515.50,derived,verified_account_balance
2020-07-20,19515.50,0.00,0.00,0.00,0.00,0.00,0.00,0.00,0.00,0.00,19515.50,derived,verified_account_balance
2020-07-21,19515.50,0.00,0.00,0.00,0.00,0.00,0.00,0.00,0.00,0.00,19515.50,derived,verified_account_balance
2020-07-22,19515.50,0.00,0.00,0.00,0.00,0.00,0.00,0.00,0.00,0.00,19515.50,derived,verified_account_balance
2020-07-23,19515.50,0.00,0.00,0.00,0.00,0.00,0.00,0.00,0.00,0.00,19515.50,derived,verified_account_balance
2020-07-24,19515.50,0.00,0.00,0.00,0.00,0.00,0.00,0.00,0.00,0.00,19515.50,derived,verified_account_balance
2020-07-25,19515.50,0.00,0.00,0.00,0.00,0.00,0.00,0.00,0.00,0.00,19515.50,derived,verified_account_balance
2020-07-26,19515.50,0.00,0.00,0.00,0.00,0.00,0.00,0.00,0.00,0.00,19515.50,derived,verified_account_balance
2020-07-27,19515.50,0.00,0.00,0.00,0.00,0.00,0.00,0.00,0.00,0.00,19515.50,derived,verified_account_balance
2020-07-28,19515.50,0.00,0.00,0.00,0.00,0.00,0.00,0.00,0.00,0.00,19515.50,derived,verified_account_balance
2020-07-29,19515.50,0.00,0.00,0.00,0.00,0.00,0.00,0.00,0.00,0.00,19515.50,derived,verified_account_balance
2020-07-30,19515.50,0.00,0.00,0.00,0.00,0.00,0.00,0.00,0.00,0.00,19515.50,derived,verified_account_balance
2020-07-31,19515.50,0.00,0.00,0.00,0.00,0.00,0.00,0.00,0.00,0.00,19515.50,derived,verified_account_balance
2020-08-01,19515.50,0.00,0.00,0.00,0.00,0.00,0.00,0.00,0.00,0.00,19515.50,derived,verified_account_balance
2020-08-02,19515.50,0.00,0.00,0.00,0.00,0.00,0.00,0.00,0.00,0.00,19515.50,derived,verified_account_balance
2020-08-03,19515.50,0.00,0.00,0.00,0.00,0.00,0.00,0.00,0.00,0.00,19515.50,derived,verified_account_balance
2020-08-04,19515.50,0.00,0.00,0.00,0.00,0.00,0.00,0.00,0.00,0.00,19515.50,derived,verified_account_balance
2020-08-05,19515.50,0.00,0.00,0.00,0.00,0.00,0.00,0.00,0.00,0.00,19515.50,derived,verified_account_balance
2020-08-06,19515.50,0.00,0.00,0.00,0.00,0.00,0.00,0.00,0.00,0.00,19515.50,derived,verified_account_balance
2020-08-07,19515.50,0.00,0.00,0.00,0.00,0.00,0.00,0.00,0.00,0.00,19515.50,derived,verified_account_balance
2020-08-08,19515.50,0.00,0.00,0.00,0.00,0.00,0.00,0.00,0.00,0.00,19515.50,derived,verified_account_balance
2020-08-09,19515.50,0.00,0.00,0.00,0.00,0.00,0.00,0.00,0.00,0.00,19515.50,derived,verified_account_balance
2020-08-10,19515.50,0.00,0.00,0.00,0.00,0.00,0.00,0.00,0.00,0.00,19515.50,derived,verified_account_balance
2020-08-11,19515.50,0.00,0.00,0.00,0.00,0.00,0.00,0.00,0.00,0.00,19515.50,derived,verified_account_balance
2020-08-12,19515.50,0.00,0.00,0.00,0.00,0.00,0.00,0.00,0.00,0.00,19515.50,derived,verified_account_balance
2020-08-13,19515.50,0.00,0.00,0.00,0.00,0.00,0.00,0.00,0.00,0.00,19515.50,derived,verified_account_balance
2020-08-14,19515.50,0.00,0.00,0.00,0.00,0.00,0.00,0.00,0.00,0.00,19515.50,derived,verified_account_balance
2020-08-15,19515.50,0.00,0.00,0.00,0.00,0.00,0.00,0.00,0.00,0.00,19515.50,derived,verified_account_balance
2020-08-16,19515.50,0.00,0.00,0.00,0.00,0.00,0.00,0.00,0.00,0.00,19515.50,derived,verified_account_balance
2020-08-17,19515.50,0.00,0.00,0.00,0.00,0.00,0.00,0.00,0.00,0.00,19515.50,derived,verified_account_balance
2020-08-18,19515.50,0.00,0.00,0.00,0.00,0.00,0.00,0.00,0.00,0.00,19515.50,derived,verified_account_balance
2020-08-19,19515.50,0.00,0.00,0.00,0.00,0.00,0.00,0.00,0.00,0.00,19515.50,derived,verified_account_balance
2020-08-20,19515.50,0.00,0.00,0.00,0.00,0.00,0.00,0.00,0.00,0.00,19515.50,derived,verified_account_balance
2020-08-21,19515.50,0.00,0.00,0.00,0.00,0.00,0.00,0.00,0.00,0.00,19515.50,derived,verified_account_balance
2020-08-22,19515.50,0.00,0.00,0.00,0.00,0.00,0.00,0.00,0.00,0.00,19515.50,derived,verified_account_balance
2020-08-23,19515.50,0.00,0.00,0.00,0.00,0.00,0.00,0.00,0.00,0.00,19515.50,derived,verified_account_balance
2020-08-24,19515.50,0.00,0.00,0.00,0.00,0.00,0.00,0.00,0.00,0.00,19515.50,derived,verified_account_balance
2020-08-25,19515.50,0.00,0.00,0.00,0.00,0.00,0.00,0.00,0.00,0.00,19515.50,derived,verified_account_balance
2020-08-26,19515.50,0.00,0.00,0.00,0.00,0.00,0.00,0.00,0.00,0.00,19515.50,derived,verified_account_balance
2020-08-27,19515.50,0.00,0.00,0.00,0.00,0.00,0.00,0.00,0.00,0.00,19515.50,derived,verified_account_balance
2020-08-28,19515.50,0.00,0.00,0.00,0.00,0.00,0.00,0.00,0.00,0.00,19515.50,derived,verified_account_balance
2020-08-29,19515.50,0.00,0.00,0.00,0.00,0.00,0.00,0.00,0.00,0.00,19515.50,derived,verified_account_balance
2020-08-30,19515.50,0.00,0.00,0.00,0.00,0.00,0.00,0.00,0.00,0.00,19515.50,derived,verified_account_balance
2020-08-31,19515.50,0.00,0.00,0.00,0.00,0.00,0.00,0.00,0.00,0.00,19515.50,derived,verified_account_balance
2020-09-01,19515.50,0.00,0.00,0.00,0.00,0.00,0.00,0.00,0.00,0.00,19515.50,derived,verified_account_balance
2020-09-02,19515.50,0.00,0.00,0.00,0.00,0.00,0.00,0.00,0.00,0.00,19515.50,derived,verified_account_balance
2020-09-03,19515.50,0.00,0.00,0.00,0.00,0.00,0.00,0.00,0.00,0.00,19515.50,derived,verified_account_balance
2020-09-04,19515.50,0.00,0.00,0.00,0.00,0.00,0.00,0.00,0.00,0.00,19515.50,derived,verified_account_balance
2020-09-05,19515.50,0.00,0.00,0.00,0.00,0.00,0.00,0.00,0.00,0.00,19515.50,derived,verified_account_balance
2020-09-06,19515.50,0.00,0.00,0.00,0.00,0.00,0.00,0.00,0.00,0.00,19515.50,derived,verified_account_balance
2020-09-07,19515.50,0.00,0.00,0.00,0.00,0.00,0.00,0.00,0.00,0.00,19515.50,derived,verified_account_balance
2020-09-08,19515.50,0.00,0.00,0.00,0.00,0.00,0.00,0.00,0.00,0.00,19515.50,derived,verified_account_balance
2020-09-09,19515.50,0.00,0.00,0.00,0.00,0.00,0.00,0.00,0.00,0.00,19515.50,derived,verified_account_balance
2020-09-10,19515.50,0.00,0.00,0.00,0.00,0.00,0.00,0.00,0.00,0.00,19515.50,derived,verified_account_balance
2020-09-11,19515.50,0.00,0.00,0.00,0.00,0.00,0.00,0.00,0.00,0.00,19515.50,derived,verified_account_balance
2020-09-12,19515.50,0.00,0.00,0.00,0.00,0.00,0.00,0.00,0.00,0.00,19515.50,derived,verified_account_balance
2020-09-13,19515.50,0.00,0.00,0.00,0.00,0.00,0.00,0.00,0.00,0.00,19515.50,derived,verified_account_balance
2020-09-14,19515.50,0.00,0.00,0.00,0.00,0.00,0.00,0.00,0.00,0.00,19515.50,derived,verified_account_balance
2020-09-15,19515.50,0.00,0.00,0.00,0.00,0.00,0.00,0.00,0.00,0.00,19515.50,derived,verified_account_balance
2020-09-16,19515.50,0.00,0.00,0.00,0.00,0.00,0.00,0.00,0.00,0.00,19515.50,derived,verified_account_balance
2020-09-17,19515.50,0.00,0.00,0.00,0.00,0.00,0.00,0.00,0.00,0.00,19515.50,derived,verified_account_balance
2020-09-18,19515.50,0.00,0.00,0.00,0.00,0.00,0.00,0.00,0.00,0.00,19515.50,derived,verified_account_balance
2020-09-19,19515.50,0.00,0.00,0.00,0.00,0.00,0.00,0.00,0.00,0.00,19515.50,derived,verified_account_balance
2020-09-20,19515.50,0.00,0.00,0.00,0.00,0.00,0.00,0.00,0.00,0.00,19515.50,derived,verified_account_balance
2020-09-21,19515.50,0.00,0.00,0.00,0.00,0.00,0.00,0.00,0.00,0.00,19515.50,derived,verified_account_balance
2020-09-22,19515.50,0.00,0.00,0.00,0.00,0.00,0.00,0.00,0.00,0.00,19515.50,derived,verified_account_balance
2020-09-23,19515.50,0.00,0.00,0.00,0.00,0.00,0.00,0.00,0.00,0.00,19515.50,derived,verified_account_balance
2020-09-24,19515.50,0.00,0.00,0.00,0.00,0.00,0.00,0.00,0.00,0.00,19515.50,derived,verified_account_balance
2020-09-25,19515.50,0.00,0.00,0.00,0.00,0.00,0.00,0.00,0.00,0.00,19515.50,derived,verified_account_balance
2020-09-26,19515.50,0.00,0.00,0.00,0.00,0.00,0.00,0.00,0.00,0.00,19515.50,derived,verified_account_balance
2020-09-27,19515.50,0.00,0.00,0.00,0.00,0.00,0.00,0.00,0.00,0.00,19515.50,derived,verified_account_balance
2020-09-28,19515.50,0.00,0.00,0.00,0.00,0.00,0.00,0.00,0.00,0.00,19515.50,derived,verified_account_balance
2020-09-29,19515.50,0.00,0.00,0.00,0.00,0.00,0.00,0.00,0.00,0.00,19515.50,derived,verified_account_balance
2020-09-30,19515.50,0.00,0.00,0.00,0.00,0.00,0.00,0.00,0.00,0.00,19515.50,derived,verified_account_balance
2020-10-01,19515.50,0.00,0.00,0.00,0.00,0.00,0.00,0.00,0.00,0.00,19515.50,derived,verified_account_balance
2020-10-02,19515.50,0.00,0.00,0.00,0.00,0.00,0.00,0.00,0.00,0.00,19515.50,derived,verified_account_balance
2020-10-03,19515.50,0.00,0.00,0.00,0.00,0.00,0.00,0.00,0.00,0.00,19515.50,derived,verified_account_balance
2020-10-04,19515.50,0.00,0.00,0.00,0.00,0.00,0.00,0.00,0.00,0.00,19515.50,derived,verified_account_balance
2020-10-05,19515.50,0.00,0.00,0.00,0.00,0.00,0.00,0.00,0.00,0.00,19515.50,derived,verified_account_balance
2020-10-06,19515.50,0.00,0.00,0.00,0.00,0.00,0.00,0.00,0.00,0.00,19515.50,derived,verified_account_balance
2020-10-07,19515.50,0.00,0.00,0.00,0.00,0.00,0.00,0.00,0.00,0.00,19515.50,derived,verified_account_balance
2020-10-08,19515.50,0.00,0.00,0.00,0.00,0.00,0.00,0.00,0.00,0.00,19515.50,derived,verified_account_balance
2020-10-09,19515.50,0.00,0.00,0.00,0.00,0.00,0.00,0.00,0.00,0.00,19515.50,derived,verified_account_balance
2020-10-10,19515.50,0.00,0.00,0.00,0.00,0.00,0.00,0.00,0.00,0.00,19515.50,derived,verified_account_balance
2020-10-11,19515.50,0.00,0.00,0.00,0.00,0.00,0.00,0.00,0.00,0.00,19515.50,derived,verified_account_balance
2020-10-12,19515.50,0.00,0.00,0.00,0.00,0.00,0.00,0.00,0.00,0.00,19515.50,derived,verified_account_balance
2020-10-13,19515.50,0.00,0.00,0.00,0.00,0.00,0.00,0.00,0.00,0.00,19515.50,derived,verified_account_balance
2020-10-14,19515.50,0.00,0.00,0.00,0.00,0.00,0.00,0.00,0.00,0.00,19515.50,derived,verified_account_balance
2020-10-15,19515.50,0.00,0.00,0.00,0.00,0.00,0.00,0.00,0.00,0.00,19515.50,derived,verified_account_balance
2020-10-16,19515.50,0.00,0.00,0.00,0.00,0.00,0.00,0.00,0.00,0.00,19515.50,derived,verified_account_balance
2020-10-17,19515.50,0.00,0.00,0.00,0.00,0.00,0.00,0.00,0.00,0.00,19515.50,derived,verified_account_balance
2020-10-18,19515.50,0.00,0.00,0.00,0.00,0.00,0.00,0.00,0.00,0.00,19515.50,derived,verified_account_balance
2020-10-19,19515.50,0.00,0.00,0.00,0.00,0.00,0.00,0.00,0.00,0.00,19515.50,derived,verified_account_balance
2020-10-20,19515.50,0.00,0.00,0.00,0.00,0.00,0.00,0.00,0.00,0.00,19515.50,derived,verified_account_balance
2020-10-21,19515.50,0.00,0.00,0.00,0.00,0.00,0.00,0.00,0.00,0.00,19515.50,derived,verified_account_balance
2020-10-22,19515.50,0.00,0.00,0.00,0.00,0.00,0.00,0.00,0.00,0.00,19515.50,derived,verified_account_balance
2020-10-23,19515.50,0.00,0.00,0.00,0.00,0.00,0.00,0.00,0.00,0.00,19515.50,derived,verified_account_balance
2020-10-24,19515.50,0.00,0.00,0.00,0.00,0.00,0.00,0.00,0.00,0.00,19515.50,derived,verified_account_balance
2020-10-25,19515.50,0.00,0.00,0.00,0.00,0.00,0.00,0.00,0.00,0.00,19515.50,derived,verified_account_balance
2020-10-26,19515.50,0.00,0.00,0.00,0.00,0.00,0.00,0.00,0.00,0.00,19515.50,derived,verified_account_balance
2020-10-27,19515.50,0.00,0.00,0.00,0.00,0.00,0.00,0.00,0.00,0.00,19515.50,derived,verified_account_balance
2020-10-28,19515.50,0.00,0.00,0.00,0.00,0.00,0.00,0.00,0.00,0.00,19515.50,derived,verified_account_balance
2020-10-29,19515.50,0.00,0.00,0.00,0.00,0.00,0.00,0.00,0.00,0.00,19515.50,derived,verified_account_balance
2020-10-30,19515.50,0.00,0.00,0.00,0.00,0.00,0.00,0.00,0.00,0.00,19515.50,derived,verified_account_balance
2020-10-31,19515.50,0.00,0.00,0.00,0.00,0.00,0.00,0.00,0.00,0.00,19515.50,derived,verified_account_balance
2020-11-01,19515.50,0.00,0.00,0.00,0.00,0.00,0.00,0.00,0.00,0.00,19515.50,derived,verified_account_balance
2020-11-02,19515.50,0.00,0.00,0.00,0.00,0.00,0.00,25.00,0.00,25.00,19540.50,derived,verified_account_balance
2020-11-03,19540.50,0.00,0.00,0.00,0.00,0.00,0.00,0.00,0.00,0.00,19540.50,derived,verified_account_balance
2020-11-04,19540.50,0.00,0.00,0.00,0.00,0.00,0.00,0.00,0.00,0.00,19540.50,derived,verified_account_balance
2020-11-05,19540.50,0.00,0.00,0.00,0.00,0.00,0.00,0.00,0.00,0.00,19540.50,derived,verified_account_balance
2020-11-06,19540.50,0.00,0.00,0.00,0.00,0.00,0.00,0.00,0.00,0.00,19540.50,derived,verified_account_balance
2020-11-07,19540.50,0.00,0.00,0.00,0.00,0.00,0.00,0.00,0.00,0.00,19540.50,derived,verified_account_balance
2020-11-08,19540.50,0.00,0.00,0.00,0.00,0.00,0.00,0.00,0.00,0.00,19540.50,derived,verified_account_balance
2020-11-09,19540.50,0.00,0.00,0.00,0.00,0.00,0.00,0.00,0.00,0.00,19540.50,derived,verified_account_balance
2020-11-10,19540.50,0.00,0.00,0.00,0.00,0.00,0.00,0.00,0.00,0.00,19540.50,derived,verified_account_balance
2020-11-11,19540.50,0.00,0.00,0.00,0.00,0.00,0.00,0.00,0.00,0.00,19540.50,derived,verified_account_balance
2020-11-12,19540.50,0.00,0.00,0.00,0.00,0.00,0.00,0.00,0.00,0.00,19540.50,derived,verified_account_balance
2020-11-13,19540.50,0.00,0.00,0.00,0.00,0.00,0.00,0.00,0.00,0.00,19540.50,derived,verified_account_balance
2020-11-14,19540.50,0.00,0.00,0.00,0.00,0.00,0.00,0.00,0.00,0.00,19540.50,derived,verified_account_balance
2020-11-15,19540.50,0.00,0.00,0.00,0.00,0.00,0.00,0.00,0.00,0.00,19540.50,derived,verified_account_balance
2020-11-16,19540.50,0.00,0.00,0.00,0.00,0.00,0.00,0.00,0.00,0.00,19540.50,derived,verified_account_balance
2020-11-17,19540.50,0.00,0.00,0.00,0.00,0.00,0.00,0.00,0.00,0.00,19540.50,derived,verified_account_balance
2020-11-18,19540.50,0.00,0.00,0.00,0.00,0.00,0.00,0.00,0.00,0.00,19540.50,derived,verified_account_balance
2020-11-19,19540.50,0.00,0.00,0.00,0.00,0.00,0.00,0.00,0.00,0.00,19540.50,derived,verified_account_balance
2020-11-20,19540.50,0.00,0.00,0.00,0.00,0.00,0.00,0.00,0.00,0.00,19540.50,derived,verified_account_balance
2020-11-21,19540.50,0.00,0.00,0.00,0.00,0.00,0.00,0.00,0.00,0.00,19540.50,derived,verified_account_balance
2020-11-22,19540.50,0.00,0.00,0.00,0.00,0.00,0.00,0.00,0.00,0.00,19540.50,derived,verified_account_balance
2020-11-23,19540.50,0.00,0.00,0.00,0.00,0.00,0.00,0.00,0.00,0.00,19540.50,derived,verified_account_balance
2020-11-24,19540.50,0.00,0.00,0.00,0.00,0.00,0.00,0.00,0.00,0.00,19540.50,derived,verified_account_balance
2020-11-25,19540.50,0.00,0.00,0.00,0.00,0.00,0.00,0.00,0.00,0.00,19540.50,derived,verified_account_balance
2020-11-26,19540.50,0.00,0.00,0.00,0.00,0.00,0.00,0.00,0.00,0.00,19540.50,derived,verified_account_balance
2020-11-27,19540.50,0.00,0.00,0.00,0.00,0.00,0.00,0.00,0.00,0.00,19540.50,derived,verified_account_balance
2020-11-28,19540.50,0.00,0.00,0.00,0.00,0.00,0.00,0.00,0.00,0.00,19540.50,derived,verified_account_balance
2020-11-29,19540.50,0.00,0.00,0.00,0.00,0.00,0.00,0.00,0.00,0.00,19540.50,derived,verified_account_balance
2020-11-30,19540.50,0.00,0.00,0.00,0.00,0.00,0.00,0.00,0.00,0.00,19540.50,derived,verified_account_balance
2020-12-01,19540.50,0.00,0.00,0.00,0.00,0.00,0.00,0.00,0.00,0.00,19540.50,derived,verified_account_balance
2020-12-02,19540.50,0.00,0.00,0.00,0.00,0.00,0.00,0.00,0.00,0.00,19540.50,derived,verified_account_balance
2020-12-03,19540.50,0.00,0.00,0.00,0.00,0.00,0.00,0.00,0.00,0.00,19540.50,derived,verified_account_balance
2020-12-04,19540.50,0.00,0.00,0.00,0.00,0.00,0.00,0.00,0.00,0.00,19540.50,derived,verified_account_balance
2020-12-05,19540.50,0.00,0.00,0.00,0.00,0.00,0.00,0.00,0.00,0.00,19540.50,derived,verified_account_balance
2020-12-06,19540.50,0.00,0.00,0.00,0.00,0.00,0.00,0.00,0.00,0.00,19540.50,derived,verified_account_balance
2020-12-07,19540.50,0.00,0.00,0.00,0.00,0.00,0.00,0.00,0.00,0.00,19540.50,derived,verified_account_balance
2020-12-08,19540.50,0.00,0.00,0.00,0.00,0.00,0.00,0.00,0.00,0.00,19540.50,derived,verified_account_balance
2020-12-09,19540.50,0.00,0.00,0.00,0.00,0.00,0.00,0.00,0.00,0.00,19540.50,derived,verified_account_balance
2020-12-10,19540.50,0.00,0.00,0.00,0.00,0.00,0.00,0.00,0.00,0.00,19540.50,derived,verified_account_balance
2020-12-11,19540.50,0.00,0.00,0.00,0.00,0.00,0.00,0.00,0.00,0.00,19540.50,derived,verified_account_balance
2020-12-12,19540.50,0.00,0.00,0.00,0.00,0.00,0.00,0.00,0.00,0.00,19540.50,derived,verified_account_balance
2020-12-13,19540.50,0.00,0.00,0.00,0.00,0.00,0.00,0.00,0.00,0.00,19540.50,derived,verified_account_balance
2020-12-14,19540.50,0.00,0.00,0.00,0.00,0.00,0.00,0.00,0.00,0.00,19540.50,derived,verified_account_balance
2020-12-15,19540.50,0.00,0.00,0.00,0.00,0.00,0.00,0.00,0.00,0.00,19540.50,derived,verified_account_balance
2020-12-16,19540.50,0.00,0.00,0.00,0.00,0.00,0.00,0.00,0.00,0.00,19540.50,derived,verified_account_balance
2020-12-17,19540.50,0.00,0.00,0.00,0.00,0.00,0.00,0.00,0.00,0.00,19540.50,derived,verified_account_balance
2020-12-18,19540.50,0.00,0.00,0.00,0.00,0.00,0.00,0.00,0.00,0.00,19540.50,derived,verified_account_balance
2020-12-19,19540.50,0.00,0.00,0.00,0.00,0.00,0.00,0.00,0.00,0.00,19540.50,derived,verified_account_balance
2020-12-20,19540.50,0.00,0.00,0.00,0.00,0.00,0.00,0.00,0.00,0.00,19540.50,derived,verified_account_balance
2020-12-21,19540.50,0.00,0.00,0.00,0.00,0.00,0.00,0.00,0.00,0.00,19540.50,derived,verified_account_balance
2020-12-22,19540.50,0.00,0.00,0.00,0.00,0.00,0.00,0.00,0.00,0.00,19540.50,derived,verified_account_balance
2020-12-23,19540.50,0.00,0.00,0.00,0.00,0.00,0.00,0.00,0.00,0.00,19540.50,derived,verified_account_balance
2020-12-24,19540.50,0.00,0.00,0.00,0.00,0.00,0.00,0.00,0.00,0.00,19540.50,derived,verified_account_balance
2020-12-25,19540.50,0.00,0.00,0.00,0.00,0.00,0.00,0.00,0.00,0.00,19540.50,derived,verified_account_balance
2020-12-26,19540.50,0.00,0.00,0.00,0.00,0.00,0.00,0.00,0.00,0.00,19540.50,derived,verified_account_balance
2020-12-27,19540.50,0.00,0.00,0.00,0.00,0.00,0.00,0.00,0.00,0.00,19540.50,derived,verified_account_balance
2020-12-28,19540.50,0.00,0.00,0.00,0.00,0.00,0.00,0.00,0.00,0.00,19540.50,derived,verified_account_balance
2020-12-29,19540.50,0.00,0.00,0.00,0.00,0.00,0.00,0.00,0.00,0.00,19540.50,derived,verified_account_balance
2020-12-30,19540.50,0.00,0.00,0.00,0.00,0.00,0.00,0.00,0.00,0.00,19540.50,derived,verified_account_balance
2020-12-31,19540.50,0.00,0.00,0.00,0.00,0.00,0.00,0.00,0.00,0.00,19540.50,derived,verified_account_balance
2021-01-01,19540.50,0.00,0.00,0.00,0.00,0.00,0.00,0.00,0.00,0.00,19540.50,derived,verified_account_balance
2021-01-02,19540.50,0.00,0.00,0.00,0.00,0.00,0.00,0.00,0.00,0.00,19540.50,derived,verified_account_balance
2021-01-03,19540.50,0.00,0.00,0.00,0.00,0.00,0.00,0.00,0.00,0.00,19540.50,derived,verified_account_balance
2021-01-04,19540.50,0.00,0.00,0.00,0.00,0.00,0.00,0.00,0.00,0.00,19540.50,derived,verified_account_balance
2021-01-05,19540.50,0.00,0.00,0.00,0.00,0.00,0.00,0.00,0.00,0.00,19540.50,derived,verified_account_balance
2021-01-06,19540.50,0.00,0.00,-500.00,0.00,0.00,0.00,0.00,0.00,-500.00,19040.50,derived,verified_account_balance
2021-01-07,19040.50,0.00,0.00,0.00,0.00,0.00,0.00,0.00,0.00,0.00,19040.50,derived,verified_account_balance
2021-01-08,19040.50,0.00,0.00,0.00,0.00,0.00,0.00,0.00,0.00,0.00,19040.50,derived,verified_account_balance
2021-01-09,19040.50,0.00,0.00,0.00,0.00,0.00,0.00,0.00,0.00,0.00,19040.50,derived,verified_account_balance
2021-01-10,19040.50,0.00,0.00,0.00,0.00,0.00,0.00,0.00,0.00,0.00,19040.50,derived,verified_account_balance
2021-01-11,19040.50,0.00,0.00,0.00,0.00,0.00,0.00,0.00,0.00,0.00,19040.50,derived,verified_account_balance
2021-01-12,19040.50,0.00,0.00,0.00,0.00,0.00,0.00,0.00,0.00,0.00,19040.50,derived,verified_account_balance
2021-01-13,19040.50,0.00,0.00,0.00,0.00,0.00,0.00,0.00,0.00,0.00,19040.50,derived,verified_account_balance
2021-01-14,19040.50,0.00,0.00,0.00,0.00,0.00,0.00,0.00,0.00,0.00,19040.50,derived,verified_account_balance
2021-01-15,19040.50,0.00,0.00,0.00,0.00,0.00,0.00,0.00,0.00,0.00,19040.50,derived,verified_account_balance
2021-01-16,19040.50,0.00,0.00,0.00,0.00,0.00,0.00,0.00,0.00,0.00,19040.50,derived,verified_account_balance
2021-01-17,19040.50,0.00,0.00,0.00,0.00,0.00,0.00,0.00,0.00,0.00,19040.50,derived,verified_account_balance
2021-01-18,19040.50,0.00,0.00,0.00,0.00,0.00,0.00,0.00,0.00,0.00,19040.50,derived,verified_account_balance
2021-01-19,19040.50,0.00,0.00,0.00,0.00,0.00,0.00,0.00,0.00,0.00,19040.50,derived,verified_account_balance
2021-01-20,19040.50,0.00,0.00,0.00,0.00,0.00,0.00,0.00,0.00,0.00,19040.50,derived,verified_account_balance
2021-01-21,19040.50,0.00,0.00,0.00,0.00,0.00,0.00,0.00,0.00,0.00,19040.50,derived,verified_account_balance
2021-01-22,19040.50,0.00,0.00,0.00,0.00,0.00,0.00,0.00,0.00,0.00,19040.50,derived,verified_account_balance
2021-01-23,19040.50,0.00,0.00,0.00,0.00,0.00,0.00,0.00,0.00,0.00,19040.50,derived,verified_account_balance
2021-01-24,19040.50,0.00,0.00,0.00,0.00,0.00,0.00,0.00,0.00,0.00,19040.50,derived,verified_account_balance
2021-01-25,19040.50,0.00,0.00,0.00,0.00,0.00,0.00,0.00,0.00,0.00,19040.50,derived,verified_account_balance
2021-01-26,19040.50,0.00,0.00,0.00,0.00,0.00,0.00,0.00,0.00,0.00,19040.50,derived,verified_account_balance
2021-01-27,19040.50,0.00,0.00,0.00,0.00,0.00,0.00,0.00,0.00,0.00,19040.50,derived,verified_account_balance
2021-01-28,19040.50,0.00,0.00,0.00,0.00,0.00,0.00,0.00,0.00,0.00,19040.50,derived,verified_account_balance
2021-01-29,19040.50,0.00,0.00,0.00,0.00,0.00,0.00,0.00,0.00,0.00,19040.50,derived,verified_account_balance
2021-01-30,19040.50,0.00,0.00,0.00,0.00,0.00,0.00,0.00,0.00,0.00,19040.50,derived,verified_account_balance
2021-01-31,19040.50,0.00,0.00,0.00,0.00,0.00,0.00,0.00,0.00,0.00,19040.50,derived,verified_account_balance
2021-02-01,19040.50,0.00,0.00,0.00,0.00,0.00,0.00,0.00,0.00,0.00,19040.50,derived,verified_account_balance
2021-02-02,19040.50,0.00,0.00,0.00,0.00,0.00,0.00,0.00,0.00,0.00,19040.50,derived,verified_account_balance
2021-02-03,19040.50,0.00,0.00,30.00,0.00,0.00,0.00,0.00,0.00,30.00,19070.50,derived,verified_account_balance
2021-02-04,19070.50,0.00,0.00,0.00,0.00,0.00,0.00,0.00,0.00,0.00,19070.50,derived,verified_account_balance
2021-02-05,19070.50,0.00,0.00,0.00,0.00,0.00,0.00,0.00,0.00,0.00,19070.50,derived,verified_account_balance
2021-02-06,19070.50,0.00,0.00,0.00,0.00,0.00,0.00,0.00,0.00,0.00,19070.50,derived,verified_account_balance
2021-02-07,19070.50,0.00,0.00,0.00,0.00,0.00,0.00,0.00,0.00,0.00,19070.50,derived,verified_account_balance
2021-02-08,19070.50,0.00,0.00,0.00,0.00,0.00,0.00,0.00,0.00,0.00,19070.50,derived,verified_account_balance
2021-02-09,19070.50,0.00,0.00,0.00,0.00,0.00,0.00,0.00,0.00,0.00,19070.50,derived,verified_account_balance
2021-02-10,19070.50,0.00,0.00,0.00,0.00,0.00,0.00,0.00,0.00,0.00,19070.50,derived,verified_account_balance
2021-02-11,19070.50,0.00,0.00,0.00,0.00,0.00,0.00,0.00,0.00,0.00,19070.50,derived,verified_account_balance
2021-02-12,19070.50,0.00,0.00,30.00,0.00,0.00,0.00,0.00,0.00,30.00,19100.50,derived,verified_account_balance
2021-02-13,19100.50,0.00,0.00,0.00,0.00,0.00,0.00,0.00,0.00,0.00,19100.50,derived,verified_account_balance
2021-02-14,19100.50,0.00,0.00,0.00,0.00,0.00,0.00,0.00,0.00,0.00,19100.50,derived,verified_account_balance
2021-02-15,19100.50,0.00,0.00,0.00,0.00,0.00,0.00,0.00,0.00,0.00,19100.50,derived,verified_account_balance
2021-02-16,19100.50,0.00,0.00,0.00,0.00,0.00,0.00,0.00,0.00,0.00,19100.50,derived,verified_account_balance
2021-02-17,19100.50,0.00,0.00,0.00,0.00,0.00,0.00,0.00,0.00,0.00,19100.50,derived,verified_account_balance
2021-02-18,19100.50,0.00,0.00,0.00,0.00,0.00,0.00,0.00,0.00,0.00,19100.50,derived,verified_account_balance
2021-02-19,19100.50,0.00,0.00,0.00,0.00,0.00,0.00,0.00,0.00,0.00,19100.50,derived,verified_account_balance
2021-02-20,19100.50,0.00,0.00,0.00,0.00,0.00,0.00,0.00,0.00,0.00,19100.50,derived,verified_account_balance
2021-02-21,19100.50,0.00,0.00,0.00,0.00,0.00,0.00,0.00,0.00,0.00,19100.50,derived,verified_account_balance
2021-02-22,19100.50,0.00,0.00,0.00,0.00,0.00,0.00,0.00,0.00,0.00,19100.50,derived,verified_account_balance
2021-02-23,19100.50,0.00,0.00,0.00,0.00,0.00,0.00,0.00,0.00,0.00,19100.50,derived,verified_account_balance
2021-02-24,19100.50,0.00,0.00,0.00,0.00,0.00,0.00,0.00,0.00,0.00,19100.50,derived,verified_account_balance
2021-02-25,19100.50,0.00,0.00,0.00,0.00,0.00,0.00,0.00,0.00,0.00,19100.50,derived,verified_account_balance
2021-02-26,19100.50,0.00,0.00,0.00,0.00,0.00,0.00,0.00,0.00,0.00,19100.50,derived,verified_account_balance
2021-02-27,19100.50,0.00,0.00,0.00,0.00,0.00,0.00,0.00,0.00,0.00,19100.50,derived,verified_account_balance
2021-02-28,19100.50,0.00,0.00,0.00,0.00,0.00,0.00,0.00,0.00,0.00,19100.50,derived,verified_account_balance
2021-03-01,19100.50,0.00,0.00,0.00,0.00,0.00,0.00,0.00,0.00,0.00,19100.50,derived,verified_account_balance
2021-03-02,19100.50,0.00,0.00,0.00,0.00,0.00,0.00,0.00,0.00,0.00,19100.50,derived,verified_account_balance
2021-03-03,19100.50,0.00,0.00,0.00,0.00,0.00,0.00,0.00,0.00,0.00,19100.50,derived,verified_account_balance
2021-03-04,19100.50,0.00,0.00,0.00,0.00,0.00,0.00,0.00,0.00,0.00,19100.50,derived,verified_account_balance
2021-03-05,19100.50,0.00,0.00,0.00,0.00,0.00,0.00,0.00,0.00,0.00,19100.50,derived,verified_account_balance
2021-03-06,19100.50,0.00,0.00,0.00,0.00,0.00,0.00,0.00,0.00,0.00,19100.50,derived,verified_account_balance
2021-03-07,19100.50,0.00,0.00,0.00,0.00,0.00,0.00,0.00,0.00,0.00,19100.50,derived,verified_account_balance
2021-03-08,19100.50,0.00,0.00,0.00,0.00,0.00,0.00,0.00,0.00,0.00,19100.50,derived,verified_account_balance
2021-03-09,19100.50,0.00,0.00,0.00,0.00,0.00,0.00,0.00,0.00,0.00,19100.50,derived,verified_account_balance
2021-03-10,19100.50,0.00,0.00,0.00,0.00,0.00,0.00,0.00,0.00,0.00,19100.50,derived,verified_account_balance
2021-03-11,19100.50,0.00,0.00,0.00,0.00,0.00,0.00,0.00,0.00,0.00,19100.50,derived,verified_account_balance
2021-03-12,19100.50,0.00,0.00,0.00,0.00,0.00,0.00,0.00,0.00,0.00,19100.50,derived,verified_account_balance
2021-03-13,19100.50,0.00,0.00,0.00,0.00,0.00,0.00,0.00,0.00,0.00,19100.50,derived,verified_account_balance
2021-03-14,19100.50,0.00,0.00,0.00,0.00,0.00,0.00,0.00,0.00,0.00,19100.50,derived,verified_account_balance
2021-03-15,19100.50,0.00,0.00,0.00,0.00,0.00,0.00,0.00,0.00,0.00,19100.50,derived,verified_account_balance
2021-03-16,19100.50,0.00,0.00,0.00,0.00,0.00,0.00,0.00,0.00,0.00,19100.50,derived,verified_account_balance
2021-03-17,19100.50,0.00,0.00,0.00,0.00,0.00,0.00,0.00,0.00,0.00,19100.50,derived,verified_account_balance
2021-03-18,19100.50,0.00,0.00,0.00,0.00,0.00,0.00,0.00,0.00,0.00,19100.50,derived,verified_account_balance
2021-03-19,19100.50,0.00,0.00,5.00,0.00,0.00,0.00,0.00,0.00,5.00,19105.50,derived,verified_account_balance
2021-03-20,19105.50,0.00,0.00,0.00,0.00,0.00,0.00,0.00,0.00,0.00,19105.50,derived,verified_account_balance
2021-03-21,19105.50,0.00,0.00,0.00,0.00,0.00,0.00,0.00,0.00,0.00,19105.50,derived,verified_account_balance
2021-03-22,19105.50,0.00,0.00,0.00,0.00,0.00,0.00,0.00,0.00,0.00,19105.50,derived,verified_account_balance
2021-03-23,19105.50,0.00,0.00,0.00,0.00,0.00,0.00,0.00,0.00,0.00,19105.50,derived,verified_account_balance
2021-03-24,19105.50,0.00,0.00,0.00,0.00,0.00,0.00,0.00,0.00,0.00,19105.50,derived,verified_account_balance
2021-03-25,19105.50,0.00,0.00,0.00,0.00,0.00,0.00,0.00,0.00,0.00,19105.50,derived,verified_account_balance
2021-03-26,19105.50,0.00,0.00,0.00,0.00,0.00,0.00,0.00,0.00,0.00,19105.50,derived,verified_account_balance
2021-03-27,19105.50,0.00,0.00,0.00,0.00,0.00,0.00,0.00,0.00,0.00,19105.50,derived,verified_account_balance
2021-03-28,19105.50,0.00,0.00,0.00,0.00,0.00,0.00,0.00,0.00,0.00,19105.50,derived,verified_account_balance
2021-03-29,19105.50,0.00,0.00,0.00,0.00,0.00,0.00,0.00,0.00,0.00,19105.50,derived,verified_account_balance
2021-03-30,19105.50,0.00,0.00,0.00,0.00,0.00,0.00,0.00,0.00,0.00,19105.50,derived,verified_account_balance
2021-03-31,19105.50,0.00,0.00,0.00,0.00,0.00,0.00,0.00,0.00,0.00,19105.50,derived,verified_account_balance
2021-04-01,19105.50,0.00,0.00,0.00,0.00,0.00,0.00,0.00,0.00,0.00,19105.50,derived,verified_account_balance
2021-04-02,19105.50,0.00,0.00,0.00,0.00,0.00,0.00,0.00,0.00,0.00,19105.50,derived,verified_account_balance
2021-04-03,19105.50,0.00,0.00,0.00,0.00,0.00,0.00,0.00,0.00,0.00,19105.50,derived,verified_account_balance
2021-04-04,19105.50,0.00,0.00,0.00,0.00,0.00,0.00,0.00,0.00,0.00,19105.50,derived,verified_account_balance
2021-04-05,19105.50,0.00,0.00,0.00,0.00,0.00,0.00,0.00,0.00,0.00,19105.50,derived,verified_account_balance
2021-04-06,19105.50,0.00,0.00,0.00,0.00,0.00,0.00,0.00,0.00,0.00,19105.50,derived,verified_account_balance
2021-04-07,19105.50,0.00,0.00,0.00,0.00,0.00,0.00,0.00,0.00,0.00,19105.50,derived,verified_account_balance
2021-04-08,19105.50,0.00,0.00,0.00,0.00,0.00,0.00,0.00,0.00,0.00,19105.50,derived,verified_account_balance
2021-04-09,19105.50,0.00,0.00,0.00,0.00,0.00,0.00,0.00,0.00,0.00,19105.50,derived,verified_account_balance
2021-04-10,19105.50,0.00,0.00,0.00,0.00,0.00,0.00,0.00,0.00,0.00,19105.50,derived,verified_account_balance
2021-04-11,19105.50,0.00,0.00,0.00,0.00,0.00,0.00,0.00,0.00,0.00,19105.50,derived,verified_account_balance
2021-04-12,19105.50,0.00,0.00,0.00,0.00,0.00,0.00,0.00,0.00,0.00,19105.50,derived,verified_account_balance
2021-04-13,19105.50,0.00,0.00,0.00,0.00,0.00,0.00,0.00,0.00,0.00,19105.50,derived,verified_account_balance
2021-04-14,19105.50,0.00,0.00,0.00,0.00,0.00,0.00,0.00,0.00,0.00,19105.50,derived,verified_account_balance
2021-04-15,19105.50,0.00,0.00,0.00,0.00,0.00,0.00,0.00,0.00,0.00,19105.50,derived,verified_account_balance
2021-04-16,19105.50,0.00,0.00,0.00,0.00,0.00,0.00,0.00,0.00,0.00,19105.50,derived,verified_account_balance
2021-04-17,19105.50,0.00,0.00,0.00,0.00,0.00,0.00,0.00,0.00,0.00,19105.50,derived,verified_account_balance
2021-04-18,19105.50,0.00,0.00,0.00,0.00,0.00,0.00,0.00,0.00,0.00,19105.50,derived,verified_account_balance
2021-04-19,19105.50,0.00,0.00,0.00,0.00,0.00,0.00,0.00,0.00,0.00,19105.50,derived,verified_account_balance
2021-04-20,19105.50,0.00,0.00,0.00,0.00,0.00,0.00,0.00,0.00,0.00,19105.50,derived,verified_account_balance
2021-04-21,19105.50,0.00,0.00,0.00,0.00,0.00,0.00,0.00,0.00,0.00,19105.50,derived,verified_account_balance
2021-04-22,19105.50,0.00,0.00,0.00,0.00,0.00,0.00,0.00,0.00,0.00,19105.50,derived,verified_account_balance
2021-04-23,19105.50,0.00,0.00,0.00,0.00,0.00,0.00,0.00,0.00,0.00,19105.50,derived,verified_account_balance
2021-04-24,19105.50,0.00,0.00,0.00,0.00,0.00,0.00,0.00,0.00,0.00,19105.50,derived,verified_account_balance
2021-04-25,19105.50,0.00,0.00,0.00,0.00,0.00,0.00,0.00,0.00,0.00,19105.50,derived,verified_account_balance
2021-04-26,19105.50,0.00,0.00,0.00,0.00,0.00,0.00,0.00,0.00,0.00,19105.50,derived,verified_account_balance
2021-04-27,19105.50,0.00,0.00,0.00,0.00,0.00,0.00,0.00,0.00,0.00,19105.50,derived,verified_account_balance
2021-04-28,19105.50,0.00,0.00,0.00,0.00,0.00,0.00,0.00,0.00,0.00,19105.50,derived,verified_account_balance
2021-04-29,19105.50,0.00,0.00,0.00,0.00,0.00,0.00,0.00,0.00,0.00,19105.50,derived,verified_account_balance
2021-04-30,19105.50,0.00,0.00,0.00,0.00,0.00,0.00,0.00,0.00,0.00,19105.50,derived,verified_account_balance
2021-05-01,19105.50,0.00,0.00,0.00,0.00,0.00,0.00,0.00,0.00,0.00,19105.50,derived,verified_account_balance
2021-05-02,19105.50,0.00,0.00,0.00,0.00,0.00,0.00,0.00,0.00,0.00,19105.50,derived,verified_account_balance
2021-05-03,19105.50,0.00,0.00,0.00,0.00,0.00,0.00,0.00,0.00,0.00,19105.50,derived,verified_account_balance
2021-05-04,19105.50,0.00,0.00,0.00,0.00,0.00,0.00,0.00,0.00,0.00,19105.50,derived,verified_account_balance
2021-05-05,19105.50,0.00,0.00,0.00,0.00,0.00,0.00,0.00,0.00,0.00,19105.50,derived,verified_account_balance
2021-05-06,19105.50,0.00,0.00,0.00,0.00,0.00,0.00,0.00,0.00,0.00,19105.50,derived,verified_account_balance
2021-05-07,19105.50,0.00,0.00,0.00,0.00,0.00,0.00,0.00,0.00,0.00,19105.50,derived,verified_account_balance
2021-05-08,19105.50,0.00,0.00,0.00,0.00,0.00,0.00,0.00,0.00,0.00,19105.50,derived,verified_account_balance
2021-05-09,19105.50,0.00,0.00,0.00,0.00,0.00,0.00,0.00,0.00,0.00,19105.50,derived,verified_account_balance
2021-05-10,19105.50,0.00,0.00,0.00,0.00,0.00,0.00,0.00,0.00,0.00,19105.50,derived,verified_account_balance
2021-05-11,19105.50,0.00,0.00,0.00,0.00,0.00,0.00,0.00,0.00,0.00,19105.50,derived,verified_account_balance
2021-05-12,19105.50,0.00,0.00,0.00,0.00,0.00,0.00,0.00,0.00,0.00,19105.50,derived,verified_account_balance
2021-05-13,19105.50,0.00,0.00,0.00,0.00,0.00,0.00,0.00,0.00,0.00,19105.50,derived,verified_account_balance
2021-05-14,19105.50,0.00,0.00,0.00,0.00,0.00,0.00,0.00,0.00,0.00,19105.50,derived,verified_account_balance
2021-05-15,19105.50,0.00,0.00,0.00,0.00,0.00,0.00,0.00,0.00,0.00,19105.50,derived,verified_account_balance
2021-05-16,19105.50,0.00,0.00,0.00,0.00,0.00,0.00,0.00,0.00,0.00,19105.50,derived,verified_account_balance
2021-05-17,19105.50,0.00,0.00,0.00,0.00,0.00,0.00,0.00,0.00,0.00,19105.50,derived,verified_account_balance
2021-05-18,19105.50,0.00,0.00,0.00,0.00,0.00,0.00,0.00,0.00,0.00,19105.50,derived,verified_account_balance
2021-05-19,19105.50,0.00,0.00,0.00,0.00,0.00,0.00,0.00,0.00,0.00,19105.50,derived,verified_account_balance
2021-05-20,19105.50,0.00,0.00,0.00,0.00,0.00,0.00,0.00,0.00,0.00,19105.50,derived,verified_account_balance
2021-05-21,19105.50,0.00,0.00,0.00,0.00,0.00,0.00,0.00,0.00,0.00,19105.50,derived,verified_account_balance
2021-05-22,19105.50,0.00,0.00,0.00,0.00,0.00,0.00,0.00,0.00,0.00,19105.50,derived,verified_account_balance
2021-05-23,19105.50,0.00,0.00,0.00,0.00,0.00,0.00,0.00,0.00,0.00,19105.50,derived,verified_account_balance
2021-05-24,19105.50,0.00,0.00,0.00,0.00,0.00,0.00,0.00,0.00,0.00,19105.50,derived,verified_account_balance
2021-05-25,19105.50,0.00,0.00,0.00,0.00,0.00,0.00,0.00,0.00,0.00,19105.50,derived,verified_account_balance
2021-05-26,19105.50,0.00,0.00,0.00,0.00,0.00,0.00,0.00,0.00,0.00,19105.50,derived,verified_account_balance
2021-05-27,19105.50,0.00,0.00,0.00,0.00,0.00,0.00,0.00,0.00,0.00,19105.50,derived,verified_account_balance
2021-05-28,19105.50,0.00,0.00,0.00,0.00,0.00,0.00,0.00,0.00,0.00,19105.50,derived,verified_account_balance
2021-05-29,19105.50,0.00,0.00,0.00,0.00,0.00,0.00,0.00,0.00,0.00,19105.50,derived,verified_account_balance
2021-05-30,19105.50,0.00,0.00,0.00,0.00,0.00,0.00,0.00,0.00,0.00,19105.50,derived,verified_account_balance
2021-05-31,19105.50,0.00,0.00,0.00,0.00,0.00,0.00,0.00,0.00,0.00,19105.50,derived,verified_account_balance
2021-06-01,19105.50,0.00,0.00,0.00,0.00,0.00,0.00,0.00,0.00,0.00,19105.50,derived,verified_account_balance
2021-06-02,19105.50,0.00,0.00,0.00,0.00,0.00,0.00,0.00,0.00,0.00,19105.50,derived,verified_account_balance
2021-06-03,19105.50,0.00,0.00,-300.00,0.00,0.00,0.00,0.00,0.00,-300.00,18805.50,derived,verified_account_balance
2021-06-04,18805.50,0.00,0.00,0.00,0.00,0.00,0.00,0.00,0.00,0.00,18805.50,derived,verified_account_balance
2021-06-05,18805.50,0.00,0.00,0.00,0.00,0.00,0.00,0.00,0.00,0.00,18805.50,derived,verified_account_balance
2021-06-06,18805.50,0.00,0.00,0.00,0.00,0.00,0.00,0.00,0.00,0.00,18805.50,derived,verified_account_balance
2021-06-07,18805.50,0.00,0.00,0.00,0.00,0.00,0.00,0.00,0.00,0.00,18805.50,derived,verified_account_balance
2021-06-08,18805.50,0.00,0.00,0.00,0.00,0.00,0.00,0.00,0.00,0.00,18805.50,derived,verified_account_balance
2021-06-09,18805.50,0.00,0.00,0.00,0.00,0.00,0.00,0.00,0.00,0.00,18805.50,derived,verified_account_balance
2021-06-10,18805.50,0.00,0.00,0.00,0.00,0.00,0.00,0.00,0.00,0.00,18805.50,derived,verified_account_balance
2021-06-11,18805.50,0.00,0.00,0.00,0.00,0.00,0.00,0.00,0.00,0.00,18805.50,derived,verified_account_balance
2021-06-12,18805.50,0.00,0.00,0.00,0.00,0.00,0.00,0.00,0.00,0.00,18805.50,derived,verified_account_balance
2021-06-13,18805.50,0.00,0.00,0.00,0.00,0.00,0.00,0.00,0.00,0.00,18805.50,derived,verified_account_balance
2021-06-14,18805.50,0.00,0.00,0.00,0.00,0.00,0.00,0.00,0.00,0.00,18805.50,derived,verified_account_balance
2021-06-15,18805.50,0.00,0.00,0.00,0.00,0.00,0.00,0.00,0.00,0.00,18805.50,derived,verified_account_balance
2021-06-16,18805.50,0.00,0.00,0.00,0.00,0.00,0.00,0.00,0.00,0.00,18805.50,derived,verified_account_balance
2021-06-17,18805.50,0.00,0.00,0.00,0.00,0.00,0.00,0.00,0.00,0.00,18805.50,derived,verified_account_balance
2021-06-18,18805.50,0.00,0.00,0.00,0.00,0.00,0.00,0.00,0.00,0.00,18805.50,derived,verified_account_balance
2021-06-19,18805.50,0.00,0.00,0.00,0.00,0.00,0.00,0.00,0.00,0.00,18805.50,derived,verified_account_balance
2021-06-20,18805.50,0.00,0.00,0.00,0.00,0.00,0.00,0.00,0.00,0.00,18805.50,derived,verified_account_balance
2021-06-21,18805.50,0.00,0.00,0.00,0.00,0.00,0.00,0.00,0.00,0.00,18805.50,derived,verified_account_balance
2021-06-22,18805.50,0.00,0.00,0.00,0.00,0.00,0.00,0.00,0.00,0.00,18805.50,derived,verified_account_balance
2021-06-23,18805.50,0.00,0.00,0.00,0.00,0.00,0.00,0.00,0.00,0.00,18805.50,derived,verified_account_balance
2021-06-24,18805.50,0.00,0.00,0.00,0.00,0.00,0.00,0.00,0.00,0.00,18805.50,derived,verified_account_balance
2021-06-25,18805.50,0.00,0.00,0.00,0.00,0.00,0.00,0.00,0.00,0.00,18805.50,derived,verified_account_balance
2021-06-26,18805.50,0.00,0.00,0.00,0.00,0.00,0.00,0.00,0.00,0.00,18805.50,derived,verified_account_balance
2021-06-27,18805.50,0.00,0.00,0.00,0.00,0.00,0.00,0.00,0.00,0.00,18805.50,derived,verified_account_balance
2021-06-28,18805.50,0.00,0.00,0.00,0.00,0.00,0.00,0.00,0.00,0.00,18805.50,derived,verified_account_balance
2021-06-29,18805.50,0.00,0.00,0.00,0.00,0.00,0.00,0.00,0.00,0.00,18805.50,derived,verified_account_balance
2021-06-30,18805.50,0.00,0.00,0.00,0.00,0.00,0.00,0.00,0.00,0.00,18805.50,derived,verified_account_balance
2021-07-01,18805.50,0.00,0.00,0.00,0.00,0.00,0.00,0.00,0.00,0.00,18805.50,derived,verified_account_balance
2021-07-02,18805.50,0.00,0.00,0.00,0.00,0.00,0.00,0.00,0.00,0.00,18805.50,derived,verified_account_balance
2021-07-03,18805.50,0.00,0.00,0.00,0.00,0.00,0.00,0.00,0.00,0.00,18805.50,derived,verified_account_balance
2021-07-04,18805.50,0.00,0.00,0.00,0.00,0.00,0.00,0.00,0.00,0.00,18805.50,derived,verified_account_balance
2021-07-05,18805.50,0.00,0.00,0.00,0.00,0.00,0.00,0.00,0.00,0.00,18805.50,derived,verified_account_balance
2021-07-06,18805.50,0.00,0.00,360.00,0.00,0.00,0.00,0.00,0.00,360.00,19165.50,derived,verified_account_balance
2021-07-07,19165.50,0.00,0.00,0.00,0.00,0.00,0.00,0.00,0.00,0.00,19165.50,derived,verified_account_balance
2021-07-08,19165.50,0.00,0.00,0.00,0.00,0.00,0.00,0.00,0.00,0.00,19165.50,derived,verified_account_balance
2021-07-09,19165.50,0.00,0.00,0.00,0.00,0.00,0.00,0.00,0.00,0.00,19165.50,derived,verified_account_balance
2021-07-10,19165.50,0.00,0.00,0.00,0.00,0.00,0.00,0.00,0.00,0.00,19165.50,derived,verified_account_balance
2021-07-11,19165.50,0.00,0.00,0.00,0.00,0.00,0.00,0.00,0.00,0.00,19165.50,derived,verified_account_balance
2021-07-12,19165.50,0.00,0.00,0.00,0.00,0.00,0.00,0.00,0.00,0.00,19165.50,derived,verified_account_balance
2021-07-13,19165.50,0.00,0.00,0.00,0.00,0.00,0.00,0.00,0.00,0.00,19165.50,derived,verified_account_balance
2021-07-14,19165.50,0.00,0.00,0.00,0.00,0.00,0.00,0.00,0.00,0.00,19165.50,derived,verified_account_balance
2021-07-15,19165.50,0.00,0.00,0.00,0.00,0.00,0.00,0.00,0.00,0.00,19165.50,derived,verified_account_balance
2021-07-16,19165.50,0.00,0.00,0.00,0.00,0.00,0.00,0.00,0.00,0.00,19165.50,derived,verified_account_balance
2021-07-17,19165.50,0.00,0.00,0.00,0.00,0.00,0.00,0.00,0.00,0.00,19165.50,derived,verified_account_balance
2021-07-18,19165.50,0.00,0.00,0.00,0.00,0.00,0.00,0.00,0.00,0.00,19165.50,derived,verified_account_balance
2021-07-19,19165.50,0.00,0.00,0.00,0.00,0.00,0.00,0.00,0.00,0.00,19165.50,derived,verified_account_balance
2021-07-20,19165.50,0.00,0.00,0.00,0.00,0.00,0.00,0.00,0.00,0.00,19165.50,derived,verified_account_balance
2021-07-21,19165.50,0.00,0.00,0.00,0.00,0.00,0.00,0.00,0.00,0.00,19165.50,derived,verified_account_balance
2021-07-22,19165.50,0.00,0.00,0.00,0.00,0.00,0.00,0.00,0.00,0.00,19165.50,derived,verified_account_balance
2021-07-23,19165.50,0.00,0.00,0.00,0.00,0.00,0.00,0.00,0.00,0.00,19165.50,derived,verified_account_balance
2021-07-24,19165.50,0.00,0.00,0.00,0.00,0.00,0.00,0.00,0.00,0.00,19165.50,derived,verified_account_balance
2021-07-25,19165.50,0.00,0.00,0.00,0.00,0.00,0.00,0.00,0.00,0.00,19165.50,derived,verified_account_balance
2021-07-26,19165.50,0.00,0.00,0.00,0.00,0.00,0.00,0.00,0.00,0.00,19165.50,derived,verified_account_balance
2021-07-27,19165.50,0.00,0.00,0.00,0.00,0.00,0.00,0.00,0.00,0.00,19165.50,derived,verified_account_balance
2021-07-28,19165.50,0.00,0.00,0.00,0.00,0.00,0.00,0.00,0.00,0.00,19165.50,derived,verified_account_balance
2021-07-29,19165.50,0.00,0.00,0.00,0.00,0.00,0.00,0.00,0.00,0.00,19165.50,derived,verified_account_balance
2021-07-30,19165.50,0.00,0.00,0.00,0.00,0.00,0.00,0.00,0.00,0.00,19165.50,derived,verified_account_balance
2021-07-31,19165.50,0.00,0.00,0.00,0.00,0.00,0.00,0.00,0.00,0.00,19165.50,derived,verified_account_balance
2021-08-01,19165.50,0.00,0.00,0.00,0.00,0.00,0.00,0.00,0.00,0.00,19165.50,derived,verified_account_balance
2021-08-02,19165.50,0.00,0.00,0.00,0.00,0.00,0.00,0.00,0.00,0.00,19165.50,derived,verified_account_balance
2021-08-03,19165.50,0.00,0.00,0.00,0.00,0.00,0.00,0.00,0.00,0.00,19165.50,derived,verified_account_balance
2021-08-04,19165.50,0.00,0.00,0.00,0.00,0.00,0.00,0.00,0.00,0.00,19165.50,derived,verified_account_balance
2021-08-05,19165.50,0.00,0.00,0.00,0.00,0.00,0.00,0.00,0.00,0.00,19165.50,derived,verified_account_balance
2021-08-06,19165.50,0.00,0.00,0.00,0.00,0.00,0.00,0.00,0.00,0.00,19165.50,derived,verified_account_balance
2021-08-07,19165.50,0.00,0.00,0.00,0.00,0.00,0.00,0.00,0.00,0.00,19165.50,derived,verified_account_balance
2021-08-08,19165.50,0.00,0.00,0.00,0.00,0.00,0.00,0.00,0.00,0.00,19165.50,derived,verified_account_balance
2021-08-09,19165.50,0.00,0.00,0.00,0.00,0.00,0.00,0.00,0.00,0.00,19165.50,derived,verified_account_balance
2021-08-10,19165.50,0.00,0.00,0.00,0.00,0.00,0.00,0.00,0.00,0.00,19165.50,derived,verified_account_balance
2021-08-11,19165.50,0.00,0.00,0.00,0.00,0.00,0.00,0.00,0.00,0.00,19165.50,derived,verified_account_balance
2021-08-12,19165.50,0.00,0.00,0.00,0.00,0.00,0.00,0.00,0.00,0.00,19165.50,derived,verified_account_balance
2021-08-13,19165.50,0.00,0.00,0.00,0.00,0.00,0.00,0.00,0.00,0.00,19165.50,derived,verified_account_balance
2021-08-14,19165.50,0.00,0.00,0.00,0.00,0.00,0.00,0.00,0.00,0.00,19165.50,derived,verified_account_balance
2021-08-15,19165.50,0.00,0.00,0.00,0.00,0.00,0.00,0.00,0.00,0.00,19165.50,derived,verified_account_balance
2021-08-16,19165.50,0.00,0.00,0.00,0.00,0.00,0.00,0.00,0.00,0.00,19165.50,derived,verified_account_balance
2021-08-17,19165.50,0.00,0.00,0.00,0.00,0.00,0.00,0.00,0.00,0.00,19165.50,derived,verified_account_balance
2021-08-18,19165.50,0.00,0.00,0.00,0.00,0.00,0.00,0.00,0.00,0.00,19165.50,derived,verified_account_balance
2021-08-19,19165.50,0.00,0.00,0.00,0.00,0.00,0.00,0.00,0.00,0.00,19165.50,derived,verified_account_balance
2021-08-20,19165.50,0.00,0.00,0.00,0.00,0.00,0.00,0.00,0.00,0.00,19165.50,derived,verified_account_balance
2021-08-21,19165.50,0.00,0.00,0.00,0.00,0.00,0.00,0.00,0.00,0.00,19165.50,derived,verified_account_balance
2021-08-22,19165.50,0.00,0.00,0.00,0.00,0.00,0.00,0.00,0.00,0.00,19165.50,derived,verified_account_balance
2021-08-23,19165.50,0.00,0.00,0.00,0.00,0.00,0.00,0.00,0.00,0.00,19165.50,derived,verified_account_balance
2021-08-24,19165.50,0.00,0.00,0.00,0.00,0.00,0.00,0.00,0.00,0.00,19165.50,derived,verified_account_balance
2021-08-25,19165.50,0.00,0.00,0.00,0.00,0.00,0.00,0.00,0.00,0.00,19165.50,derived,verified_account_balance
2021-08-26,19165.50,0.00,0.00,0.00,0.00,0.00,0.00,0.00,0.00,0.00,19165.50,derived,verified_account_balance
2021-08-27,19165.50,0.00,0.00,0.00,0.00,0.00,0.00,0.00,0.00,0.00,19165.50,derived,verified_account_balance
2021-08-28,19165.50,0.00,0.00,0.00,0.00,0.00,0.00,0.00,0.00,0.00,19165.50,derived,verified_account_balance
2021-08-29,19165.50,0.00,0.00,0.00,0.00,0.00,0.00,0.00,0.00,0.00,19165.50,derived,verified_account_balance
2021-08-30,19165.50,0.00,0.00,0.00,0.00,0.00,0.00,0.00,0.00,0.00,19165.50,derived,verified_account_balance
2021-08-31,19165.50,0.00,0.00,0.00,0.00,0.00,0.00,0.00,0.00,0.00,19165.50,derived,verified_account_balance
2021-09-01,19165.50,0.00,0.00,0.00,0.00,0.00,0.00,0.00,0.00,0.00,19165.50,derived,verified_account_balance
2021-09-02,19165.50,0.00,0.00,0.00,0.00,0.00,0.00,0.00,0.00,0.00,19165.50,derived,verified_account_balance
2021-09-03,19165.50,0.00,0.00,0.00,0.00,0.00,0.00,0.00,0.00,0.00,19165.50,derived,verified_account_balance
2021-09-04,19165.50,0.00,0.00,0.00,0.00,0.00,0.00,0.00,0.00,0.00,19165.50,derived,verified_account_balance
2021-09-05,19165.50,0.00,0.00,0.00,0.00,0.00,0.00,0.00,0.00,0.00,19165.50,derived,verified_account_balance
2021-09-06,19165.50,0.00,0.00,0.00,0.00,0.00,0.00,0.00,0.00,0.00,19165.50,derived,verified_account_balance
2021-09-07,19165.50,0.00,0.00,0.00,0.00,0.00,0.00,0.00,0.00,0.00,19165.50,derived,verified_account_balance
2021-09-08,19165.50,0.00,0.00,0.00,0.00,0.00,0.00,0.00,0.00,0.00,19165.50,derived,verified_account_balance
2021-09-09,19165.50,0.00,0.00,0.00,0.00,0.00,0.00,0.00,0.00,0.00,19165.50,derived,verified_account_balance
2021-09-10,19165.50,0.00,0.00,0.00,0.00,0.00,0.00,0.00,0.00,0.00,19165.50,derived,verified_account_balance
2021-09-11,19165.50,0.00,0.00,0.00,0.00,0.00,0.00,0.00,0.00,0.00,19165.50,derived,verified_account_balance
2021-09-12,19165.50,0.00,0.00,0.00,0.00,0.00,0.00,0.00,0.00,0.00,19165.50,derived,verified_account_balance
2021-09-13,19165.50,0.00,0.00,0.00,0.00,0.00,0.00,0.00,0.00,0.00,19165.50,derived,verified_account_balance
2021-09-14,19165.50,0.00,0.00,0.00,0.00,0.00,0.00,0.00,0.00,0.00,19165.50,derived,verified_account_balance
2021-09-15,19165.50,0.00,0.00,0.00,0.00,0.00,0.00,0.00,0.00,0.00,19165.50,derived,verified_account_balance
2021-09-16,19165.50,0.00,0.00,0.00,0.00,0.00,0.00,0.00,0.00,0.00,19165.50,derived,verified_account_balance
2021-09-17,19165.50,0.00,0.00,0.00,0.00,0.00,0.00,0.00,0.00,0.00,19165.50,derived,verified_account_balance
2021-09-18,19165.50,0.00,0.00,0.00,0.00,0.00,0.00,0.00,0.00,0.00,19165.50,derived,verified_account_balance
2021-09-19,19165.50,0.00,0.00,0.00,0.00,0.00,0.00,0.00,0.00,0.00,19165.50,derived,verified_account_balance
2021-09-20,19165.50,0.00,0.00,0.00,0.00,0.00,0.00,0.00,0.00,0.00,19165.50,derived,verified_account_balance
2021-09-21,19165.50,0.00,0.00,0.00,0.00,0.00,0.00,0.00,0.00,0.00,19165.50,derived,verified_account_balance
2021-09-22,19165.50,0.00,0.00,0.00,0.00,0.00,0.00,0.00,0.00,0.00,19165.50,derived,verified_account_balance
2021-09-23,19165.50,0.00,0.00,0.00,0.00,0.00,0.00,0.00,0.00,0.00,19165.50,derived,verified_account_balance
2021-09-24,19165.50,0.00,0.00,0.00,0.00,0.00,0.00,0.00,0.00,0.00,19165.50,derived,verified_account_balance
2021-09-25,19165.50,0.00,0.00,0.00,0.00,0.00,0.00,0.00,0.00,0.00,19165.50,derived,verified_account_balance
2021-09-26,19165.50,0.00,0.00,0.00,0.00,0.00,0.00,0.00,0.00,0.00,19165.50,derived,verified_account_balance
2021-09-27,19165.50,0.00,0.00,0.00,0.00,0.00,0.00,0.00,0.00,0.00,19165.50,derived,verified_account_balance
2021-09-28,19165.50,0.00,0.00,0.00,0.00,0.00,0.00,0.00,0.00,0.00,19165.50,derived,verified_account_balance
2021-09-29,19165.50,0.00,0.00,0.00,0.00,0.00,0.00,0.00,0.00,0.00,19165.50,derived,verified_account_balance
2021-09-30,19165.50,0.00,0.00,0.00,0.00,0.00,0.00,0.00,0.00,0.00,19165.50,derived,verified_account_balance
2021-10-01,19165.50,0.00,0.00,0.00,0.00,0.00,0.00,0.00,0.00,0.00,19165.50,derived,verified_account_balance
2021-10-02,19165.50,0.00,0.00,0.00,0.00,0.00,0.00,0.00,0.00,0.00,19165.50,derived,verified_account_balance
2021-10-03,19165.50,0.00,0.00,0.00,0.00,0.00,0.00,0.00,0.00,0.00,19165.50,derived,verified_account_balance
2021-10-04,19165.50,0.00,0.00,0.00,0.00,0.00,0.00,0.00,0.00,0.00,19165.50,derived,verified_account_balance
2021-10-05,19165.50,0.00,0.00,0.00,0.00,0.00,0.00,0.00,0.00,0.00,19165.50,derived,verified_account_balance
2021-10-06,19165.50,0.00,0.00,0.00,0.00,0.00,0.00,0.00,0.00,0.00,19165.50,derived,verified_account_balance
2021-10-07,19165.50,0.00,0.00,0.00,0.00,0.00,0.00,0.00,0.00,0.00,19165.50,derived,verified_account_balance
2021-10-08,19165.50,0.00,0.00,0.00,0.00,0.00,0.00,0.00,0.00,0.00,19165.50,derived,verified_account_balance
2021-10-09,19165.50,0.00,0.00,0.00,0.00,0.00,0.00,0.00,0.00,0.00,19165.50,derived,verified_account_balance
2021-10-10,19165.50,0.00,0.00,0.00,0.00,0.00,0.00,0.00,0.00,0.00,19165.50,derived,verified_account_balance
2021-10-11,19165.50,0.00,0.00,0.00,0.00,0.00,0.00,0.00,0.00,0.00,19165.50,derived,verified_account_balance
2021-10-12,19165.50,0.00,0.00,0.00,0.00,0.00,0.00,0.00,0.00,0.00,19165.50,derived,verified_account_balance
2021-10-13,19165.50,0.00,0.00,0.00,0.00,0.00,0.00,0.00,0.00,0.00,19165.50,derived,verified_account_balance
2021-10-14,19165.50,0.00,0.00,0.00,0.00,0.00,0.00,0.00,0.00,0.00,19165.50,derived,verified_account_balance
2021-10-15,19165.50,0.00,0.00,0.00,0.00,0.00,0.00,0.00,0.00,0.00,19165.50,derived,verified_account_balance
2021-10-16,19165.50,0.00,0.00,0.00,0.00,0.00,0.00,0.00,0.00,0.00,19165.50,derived,verified_account_balance
2021-10-17,19165.50,0.00,0.00,0.00,0.00,0.00,0.00,0.00,0.00,0.00,19165.50,derived,verified_account_balance
2021-10-18,19165.50,0.00,0.00,0.00,0.00,0.00,0.00,0.00,0.00,0.00,19165.50,derived,verified_account_balance
2021-10-19,19165.50,0.00,0.00,0.00,0.00,0.00,0.00,0.00,0.00,0.00,19165.50,derived,verified_account_balance
2021-10-20,19165.50,0.00,0.00,0.00,0.00,0.00,0.00,0.00,0.00,0.00,19165.50,derived,verified_account_balance
2021-10-21,19165.50,0.00,0.00,0.00,0.00,0.00,0.00,0.00,0.00,0.00,19165.50,derived,verified_account_balance
2021-10-22,19165.50,0.00,0.00,0.00,0.00,0.00,0.00,0.00,0.00,0.00,19165.50,derived,verified_account_balance
2021-10-23,19165.50,0.00,0.00,0.00,0.00,0.00,0.00,0.00,0.00,0.00,19165.50,derived,verified_account_balance
2021-10-24,19165.50,0.00,0.00,0.00,0.00,0.00,0.00,0.00,0.00,0.00,19165.50,derived,verified_account_balance
2021-10-25,19165.50,0.00,0.00,0.00,0.00,0.00,0.00,0.00,0.00,0.00,19165.50,derived,verified_account_balance
2021-10-26,19165.50,0.00,0.00,0.00,0.00,0.00,0.00,0.00,0.00,0.00,19165.50,derived,verified_account_balance
2021-10-27,19165.50,0.00,0.00,0.00,0.00,0.00,0.00,0.00,0.00,0.00,19165.50,derived,verified_account_balance
2021-10-28,19165.50,0.00,0.00,0.00,0.00,0.00,0.00,0.00,0.00,0.00,19165.50,derived,verified_account_balance
2021-10-29,19165.50,0.00,0.00,0.00,0.00,0.00,0.00,0.00,0.00,0.00,19165.50,derived,verified_account_balance
2021-10-30,19165.50,0.00,0.00,0.00,0.00,0.00,0.00,0.00,0.00,0.00,19165.50,derived,verified_account_balance
2021-10-31,19165.50,0.00,0.00,0.00,0.00,0.00,0.00,0.00,0.00,0.00,19165.50,derived,verified_account_balance
2021-11-01,19165.50,0.00,0.00,0.00,0.00,0.00,0.00,0.00,0.00,0.00,19165.50,derived,verified_account_balance
2021-11-02,19165.50,0.00,0.00,0.00,0.00,0.00,0.00,0.00,0.00,0.00,19165.50,derived,verified_account_balance
2021-11-03,19165.50,0.00,0.00,0.00,0.00,0.00,0.00,0.00,0.00,0.00,19165.50,derived,verified_account_balance
2021-11-04,19165.50,0.00,0.00,0.00,0.00,0.00,0.00,0.00,0.00,0.00,19165.50,derived,verified_account_balance
2021-11-05,19165.50,0.00,0.00,0.00,0.00,0.00,0.00,0.00,0.00,0.00,19165.50,derived,verified_account_balance
2021-11-06,19165.50,0.00,0.00,0.00,0.00,0.00,0.00,0.00,0.00,0.00,19165.50,derived,verified_account_balance
2021-11-07,19165.50,0.00,0.00,0.00,0.00,0.00,0.00,0.00,0.00,0.00,19165.50,derived,verified_account_balance
2021-11-08,19165.50,0.00,0.00,0.00,0.00,0.00,0.00,0.00,0.00,0.00,19165.50,derived,verified_account_balance
2021-11-09,19165.50,0.00,0.00,0.00,0.00,0.00,0.00,0.00,0.00,0.00,19165.50,derived,verified_account_balance
2021-11-10,19165.50,0.00,0.00,0.00,0.00,0.00,0.00,0.00,0.00,0.00,19165.50,derived,verified_account_balance
2021-11-11,19165.50,0.00,0.00,0.00,0.00,0.00,0.00,0.00,0.00,0.00,19165.50,derived,verified_account_balance
2021-11-12,19165.50,0.00,0.00,0.00,0.00,0.00,0.00,0.00,0.00,0.00,19165.50,derived,verified_account_balance
2021-11-13,19165.50,0.00,0.00,0.00,0.00,0.00,0.00,0.00,0.00,0.00,19165.50,derived,verified_account_balance
2021-11-14,19165.50,0.00,0.00,0.00,0.00,0.00,0.00,0.00,0.00,0.00,19165.50,derived,verified_account_balance
2021-11-15,19165.50,0.00,0.00,0.00,0.00,0.00,0.00,0.00,0.00,0.00,19165.50,derived,verified_account_balance
2021-11-16,19165.50,0.00,0.00,0.00,0.00,0.00,0.00,0.00,0.00,0.00,19165.50,derived,verified_account_balance
2021-11-17,19165.50,0.00,0.00,0.00,0.00,0.00,0.00,0.00,0.00,0.00,19165.50,derived,verified_account_balance
2021-11-18,19165.50,0.00,0.00,0.00,0.00,0.00,0.00,0.00,0.00,0.00,19165.50,derived,verified_account_balance
2021-11-19,19165.50,0.00,0.00,0.00,0.00,0.00,0.00,0.00,0.00,0.00,19165.50,derived,verified_account_balance
2021-11-20,19165.50,0.00,0.00,0.00,0.00,0.00,0.00,0.00,0.00,0.00,19165.50,derived,verified_account_balance
2021-11-21,19165.50,0.00,0.00,0.00,0.00,0.00,0.00,0.00,0.00,0.00,19165.50,derived,verified_account_balance
2021-11-22,19165.50,0.00,0.00,0.00,0.00,0.00,0.00,0.00,0.00,0.00,19165.50,derived,verified_account_balance
2021-11-23,19165.50,0.00,0.00,0.00,0.00,0.00,0.00,0.00,0.00,0.00,19165.50,derived,verified_account_balance
2021-11-24,19165.50,0.00,0.00,0.00,0.00,0.00,0.00,0.00,0.00,0.00,19165.50,derived,verified_account_balance
2021-11-25,19165.50,0.00,0.00,0.00,0.00,0.00,0.00,0.00,0.00,0.00,19165.50,derived,verified_account_balance
2021-11-26,19165.50,0.00,0.00,0.00,0.00,0.00,0.00,0.00,0.00,0.00,19165.50,derived,verified_account_balance
2021-11-27,19165.50,0.00,0.00,0.00,0.00,0.00,0.00,0.00,0.00,0.00,19165.50,derived,verified_account_balance
2021-11-28,19165.50,0.00,0.00,0.00,0.00,0.00,0.00,0.00,0.00,0.00,19165.50,derived,verified_account_balance
2021-11-29,19165.50,0.00,0.00,0.00,0.00,0.00,0.00,0.00,0.00,0.00,19165.50,derived,verified_account_balance
2021-11-30,19165.50,0.00,0.00,0.00,0.00,0.00,0.00,0.00,0.00,0.00,19165.50,derived,verified_account_balance
2021-12-01,19165.50,0.00,0.00,0.00,0.00,0.00,0.00,0.00,0.00,0.00,19165.50,derived,verified_account_balance
2021-12-02,19165.50,0.00,0.00,0.00,0.00,0.00,0.00,0.00,0.00,0.00,19165.50,derived,verified_account_balance
2021-12-03,19165.50,0.00,0.00,0.00,0.00,0.00,0.00,0.00,0.00,0.00,19165.50,derived,verified_account_balance
2021-12-04,19165.50,0.00,0.00,0.00,0.00,0.00,0.00,0.00,0.00,0.00,19165.50,derived,verified_account_balance
2021-12-05,19165.50,0.00,0.00,0.00,0.00,0.00,0.00,0.00,0.00,0.00,19165.50,derived,verified_account_balance
2021-12-06,19165.50,0.00,0.00,0.00,0.00,0.00,0.00,0.00,0.00,0.00,19165.50,derived,verified_account_balance
2021-12-07,19165.50,0.00,0.00,0.00,0.00,0.00,0.00,0.00,0.00,0.00,19165.50,derived,verified_account_balance
2021-12-08,19165.50,0.00,0.00,0.00,0.00,0.00,0.00,0.00,0.00,0.00,19165.50,derived,verified_account_balance
2021-12-09,19165.50,0.00,0.00,0.00,0.00,0.00,0.00,0.00,0.00,0.00,19165.50,derived,verified_account_balance
2021-12-10,19165.50,0.00,0.00,0.00,0.00,0.00,0.00,0.00,0.00,0.00,19165.50,derived,verified_account_balance
2021-12-11,19165.50,0.00,0.00,0.00,0.00,0.00,0.00,0.00,0.00,0.00,19165.50,derived,verified_account_balance
2021-12-12,19165.50,0.00,0.00,0.00,0.00,0.00,0.00,0.00,0.00,0.00,19165.50,derived,verified_account_balance
2021-12-13,19165.50,0.00,0.00,0.00,0.00,0.00,0.00,0.00,0.00,0.00,19165.50,derived,verified_account_balance
2021-12-14,19165.50,0.00,0.00,0.00,0.00,0.00,0.00,0.00,0.00,0.00,19165.50,derived,verified_account_balance
2021-12-15,19165.50,0.00,0.00,0.00,0.00,0.00,0.00,0.00,0.00,0.00,19165.50,derived,verified_account_balance
2021-12-16,19165.50,0.00,0.00,0.00,0.00,0.00,0.00,0.00,0.00,0.00,19165.50,derived,verified_account_balance
2021-12-17,19165.50,0.00,0.00,0.00,0.00,0.00,0.00,0.00,0.00,0.00,19165.50,derived,verified_account_balance
2021-12-18,19165.50,0.00,0.00,0.00,0.00,0.00,0.00,0.00,0.00,0.00,19165.50,derived,verified_account_balance
2021-12-19,19165.50,0.00,0.00,0.00,0.00,0.00,0.00,0.00,0.00,0.00,19165.50,derived,verified_account_balance
2021-12-20,19165.50,0.00,0.00,0.00,0.00,0.00,0.00,0.00,0.00,0.00,19165.50,derived,verified_account_balance
2021-12-21,19165.50,0.00,0.00,0.00,0.00,0.00,0.00,0.00,0.00,0.00,19165.50,derived,verified_account_balance
2021-12-22,19165.50,0.00,0.00,0.00,0.00,0.00,0.00,0.00,0.00,0.00,19165.50,derived,verified_account_balance
2021-12-23,19165.50,0.00,0.00,0.00,0.00,0.00,0.00,0.00,0.00,0.00,19165.50,derived,verified_account_balance
2021-12-24,19165.50,0.00,0.00,0.00,0.00,0.00,0.00,0.00,0.00,0.00,19165.50,derived,verified_account_balance
2021-12-25,19165.50,0.00,0.00,0.00,0.00,0.00,0.00,0.00,0.00,0.00,19165.50,derived,verified_account_balance
2021-12-26,19165.50,0.00,0.00,0.00,0.00,0.00,0.00,0.00,0.00,0.00,19165.50,derived,verified_account_balance
2021-12-27,19165.50,0.00,0.00,0.00,0.00,0.00,0.00,0.00,0.00,0.00,19165.50,derived,verified_account_balance
2021-12-28,19165.50,0.00,0.00,0.00,0.00,0.00,0.00,0.00,0.00,0.00,19165.50,derived,verified_account_balance
2021-12-29,19165.50,0.00,0.00,0.00,0.00,0.00,0.00,0.00,0.00,0.00,19165.50,derived,verified_account_balance
2021-12-30,19165.50,0.00,0.00,0.00,0.00,0.00,0.00,0.00,0.00,0.00,19165.50,derived,verified_account_balance
2021-12-31,19165.50,0.00,-250.00,0.00,0.00,0.00,0.00,0.00,0.00,-250.00,18915.50,derived,verified_account_balance
